common_names,other names,country_of_origin
Adalmiina,"Aldemina, Elmer Swenson[3]",USA
Addoraca,Odoacra,Italy
Aidani / Aidini / Aedani,"Aidani, Aspro, Aedano, Aedani, Aidano, Aspedano, Aspraidano, Asproaidani, Leyko, Lefko, Lafko Aidani, and Lefko Ithani",Greece (Santorini)
Airén,"Aiden, Blancon, Forcallada, Forcallat, Forcallat blanca, Forcallat blanco, Forcayat, Forcellat bianca, Forcellat blanca, Laeren del Rey, Lairen, Layren, Manchega, Mantuo Laeren, Valdepenas, Valdepenera blanca, and Valdepenero",Spain
Alarije / Alarijen,NA,Spain
Albalonga,NA,Germany
Albana,"Albana a Grappo Longo, Albana a Grappolo Fitto, Albana a Grappolo Lungo, Albana a Grappolo Rado o Gentile, Albana dell'Istria (?), Albana della Forcella, Albana di Bertinoro, Albana di Bologna, Albana di Forli, Albana di Gatteo, Albana di Lugo, Albana di Montiano, Albana di Pesaro, Albana di Romagna, Albana di Terra Del Sole, Albana Gentile, Albana Gentile di Faenza, Albana Gentile di Ravenna, Albana Grossa, Albano, Albanone, Albuelis, Biancame Sinalunga, Forcella, Forcellata, Forcellina, Forcelluta, Raccia Pollone, Ribona, Riminese, and Sforcella.",Italy
Albanella,NA,Italy
Albanello bianco,"Alablanca, Albanella, Albanello Bianco di Siracusa, Alvanella, Alvanello, Arnina Bianca, Arvina and Claretta",Italy
Albaranzeuli bianco,"Albaranzèllu, Alvarenzeli, Alvarenzell, Alvaranzeuli, Alvaranzeuli bianco, Lacconargiu, Lacconarzu, Lacconazzu biancu, Laconari bianca, Laconarzu, Laconazzu bianco, Liconargiu and Licronasciu",Italy
Albarello,NA,Spain
Albariño / Alvarinho / Cainho branco,"Albarina, Alvarin Blanco, Alvarinha, Alvarinho, Azal Blanco, Galego and Galeguinho.",Spain
Albarola,"Albarola bianca, Albarola di Lavagna, Albarola trebbiana, Bianchetta Genovese, Calcatella, Calcatella di Sarzana, Erbarola, Temosci, Trebbiano di Sarzana and Trebbiano locale",Italy
Albillo,"Albilla, Albillo de Cebreros, Albillo de Madrid, Albillo de Toro, Albillo Castellano, Blanco del País, Castellano, Gual, Hoja Vuelta, Nieves Temprano, Pardillo, Abuela, Acerba, Acerva, Albarin blanco, Albil Prado, Albilo Kasteliano, Albillo blanco, Albillo blanco fino, Albillo Cagalon, Albillo Castillian, Albillo de Granada, Albillo de Huebla, Albillo de San Jeronimo, Albillo Dorado, Albillo Prado, Albillo Peco, Albillo Peco de Trebugena, Albillo Real, Albillo Temprano, Albillo Verdal, Albuela, Alvilla, Alvillo, Arvilla, Besto Maduro, Blanco Castellano, Blanco Pais, Blanco Ribera, Blanco Rivera, Cagalon, Cepa Canasta, Cepa de Lena, De Lena, Hogazuela, Hogomela, Nives Temprano, Ojo de Liebre, Pardillo de Albillo, Picapol, Prolifera, Temprano de Campo Real, Temprano de Mora, Uva de Lena, Uva Pardilla and Verdaguilla.",Spain
Aligoté,"Aligotay, Alligotay, Alligoté, Blanc de Troyes, Carcairone blanc, Carcarone, Carchierone, Chaudenet, Chaudenet Gras, Giboudot blanc, Griset blanc, Karkarone Blank, Melon de Jura, Muhranuli, Mukhranudi, Pistone, Plant de Trois, Plant de Trois Raisins, Plant gris, Purion blanc, Selon Molon, Selon Odart, Troyen blanc, Vert blanc.",France (Burgundy)
Alionza,"Aglionza, Alconza, Aleonza, Alionga, Bianca del Bolognese, Allionza, Allionza bianca, Glionza, Leonza, Uva Lonza and Uva Schiava.",Italy (Emilia-Romagna)
Altesse / Roussette,"Altesse Blanche, Altesse Verte, Arin, Fusette, Fusette d'Amberieu, Fusette de Montagnieu, Ignam, Ignan Blanc, Maconnais, Petit Maconnais, Prin Blanc, Rousette Haute, Roussette, Roussette Basse, Roussette de Montagnieu, Roussette Grosse, Roussette Haute, Roussette Petite, Serene Blanche.",France
Amigne,Amigne Blanche and Amique.,Switzerland
Ansonica / Inzolia,"Amsonica, Ansolia, Ansolica, Ansoliku, Ansonica Bianca, Ansora, Ansoria, Ansorica, Anzonaka, Anzonica, Anzulu, Arba Solika, Erba Insolika, Inselida, Insolia, Insolia di Palermo, Insora, Inzolia, Inzolia Parchitana, Nsolia, Nsuolia, Nzolia, Nzolia Bianca, Nzolia di Lipari, Nzolia di Palermo, Soria, and Zolia Bianca.",Italy
Antao Vaz,NA,NA
Arany sárfehér / Izsáki,"Izsáki Sárfehér, Fehér dinka, Német dinka, Huszár szőlő",Hungary (Izsák)
Arbane,"Albane (in Aube), Arbane blanc, Arbane du Bachet, Arbanne (in Les Riceys and Moulins-en-Tonnerrois), Arbanne blanche, Arbenne, Arbenne blanc, Arbone, Crène (in Balnot-sur-Laignes, Balnot-la-Grange and Polisot), Crene, Crénillat (La Valla-en-Gier and Rive-de-Gier in Loire), Crenillat and Darbanne (in Aube).",France
Arbois,"Menu Pineau and Petit Pineau, Herbois, Orbois and Verdet.",France
Arilla,"Agrilla, Arillo, Rille and Uva Rilla",Italy
Arinto / Assario branco,"Arintho, Arintho du Dao, Arinto Cachudo, Arinto Cercial, Arinto d'Anadia, Arinto de Bucelas, Arinto do Douro, Arinto Galego, Asal Espanhol, Asal Galego, Assario branco, Boal Cachudo, Branco Espanhol, Cerceal, Chapeludo, Malvasia Fina, Pe de Perdiz branco, Pederna, and Pedernao.",Portugal
Arneis,"Bianchetta, Bianchetta d'Alba, Bianchetta di Alba, Bianchetto, Bianchetto Albese, Bianchetto di Alba, Bianchetto di Verzuolo, and Nebbiolo bianco.",Italy
Arnsburger,NA,Germany
Arrufiac / Arrufiat / Ruffiac,"Ambre, Arafiat, Arrefiac, Arrefiat, Arrufiat, Arufiat, Raffiac, Raffiat, Refiat, Rouffiac Femelle, Ruffiac, Ruffiac Blanc, and Rufiat.",France
Arvesiniadu,"Alvu Signadu, Argu Ingianau,[1] Argu Ingiannau, Arvesimiadu bianco, Arvu Siniadu, Arvusiniadu, Arvusiniagu, Avrisiniadu and Uva Oschirese.",Italy
Asprinio bianco,"Asprinia di Aversa, Asprinio, Asprino, Greco, Lacrima, Olivese, Ragusano, Ragusano Bianco, Uva Asprina and Uva Asprinia.",Italy
Assyrtiko / Assyrtico,"Arcytico, Assirtico, Assyrtico, Asurtico, and Asyrtiko.",Greece
Athiri,"Asprathiri, Asprathiro, Athiri Aspro, Athiri Lefko, and Athiri Leyko.",Greece
Aubin / Aubin blanc,"Albin Blanc, Aneb ben Cadi, Aubin, Blanc de Magny, Gros Vert de Crenay",France
Aubin vert,"Aubun vert, Blanc d'Euvezin, Blanc d'Euvizin and Vert blanc.",France
Aurelius,NA,NA
Auxerrois blanc,"Arboisier, Arnaison blanc, Arnoison, Aubaine, Auvergnat blanc, Auvernas blanc, Auvernat blanc, Auxois blanc, Bargeois blanc, Beaunois, Blanc De Champagne, Breisgauer Sussling, Burgundi Feher, Chablis, Chardennet, Chardonnay blanc, Chatey Petit, Chaudenet, Claevner, Clevner Weiss, Epinette blanche, Epinette De Champagne, Ericey blanc, Feher Chardonnay, Feherburgundi, Feinburgunder, Gamay blanc, Gelber Weissburgunder, Gentil blanc, Grosse Bourgogne, Klawner, Klevanjka Biela, Lisant, Luisant, Luizannais, Luizant, Luzannois, Maconnais, Maurillon blanc, Melon blanc, Melon D'Arbois, Moreau blanc, Morillon blanc, Moulon, Noirien blanc, Petit Chatey, Petit Sainte-marie, Pino Shardone, Pinot Blanc A Cramant, Pinot Blanc Chardonnay, Pinot Chardonnay, Plant De Tonnerre, Romere, Romeret, Rouci Bile, Rousseau, Roussot, Rulander Weiss, Sainte Marie Petite, Sardone, Shardone, Weiss Silber, Weissedler,[9] Auxerrois blanc de Laquenexy and Auxerrois de Laquenexy.",France
Avesso,"Bornal, Bornao, Borracal Branco, and Borral.",Portugal
Azal branco,"Asal branco, Asal da Lixa, Azal bianco, Azal da Lixa, Carvalha, Carvalhal, Es Pinheira, Gadelhudo, and Pinheira.",Portugal
Barcelo,NA,NA
Bacchus,"Bacchus Weiss, Weisser Bacchus, Frühe Scheurebe, Geilweilerhof 33-29-133 and Gf. 33-29-133.",Germany
Baco blanc,"22 A Baco, Baco 22 A, Baco 22-A, Baco 221, Maurice Baco, and Piquepoul de Pays.","France, USA"
Baiyu / Rkatsiteli,NA,Georgia
Balzac blanc,"Balzard blanc, Balzat, Blanc Limousin, Chigne, Dressiere, Limousin blanc, Margnac blanc, Plant de Saint Jean and Ressière.",France
Banat Riesling / Banat Rizling,NA,NA
Baratuciat,Bertauciat and Bertacucià,Italy
Barbera bianca,"Bertolino, Bertoulin, Caria l'Aso, Lardera, Lardera bianca, Lardera delle Langhe, Martinella, Martinetta, Ovata bianca, Peigein, Peigin, Peisìn, Peisin, Poison bianco, Poisino and Uva Ovata",Italy
Bariadorgia,"Bariadorgia bianca, Barria Dorgia, Barriadorgia (in Sardinia), Barriadorza, Carcaghjolu biancu, Carcajola, Carcajolo bianco (in Sardinia), Carcajolo blanc (in Corsica), Cargajola blanc, Fragrante, Gregu bianco (in Sardinia), Variatoghja and Verzolina bianca",France/Italy
Baroque,"Barake, Baroca, Baroke, Barroque, Blanc Bordelais, Bordelais, Bordelais blanc, Bordeleza zuria, Boudales, Bourdales, Claverie blanc, Escripet folle, Muscadelle de Nates, Petit Bordelais, Plant Bordelais and Sable blanc.",France
Belina,NA,NA
Benedino,NA,NA
Besgano bianco,"Besgano bianca, Besgano, Bianco di Bobbio, Colombana bianca, Gragnolato blanco, Grangnolo bianco, Grignola, Grignolato bianco, Grignolino bianco, Grignolo, Grignolo bianco, Grignolo Bianco di San Colombano, San Colombano Piccolo and Uva di Milano.",Italy
Bia blanc,"Bear, Beard and Biard",France
Bianca,"Biahka, Bianka, EC 40, ECS 40, Egri Csillagok 40 and May Rot.",Hungary
Biancame / Bianchello,"Malvasia di Sardegna, Trebbiano Toscano and Albana",Italy
Bianchetta Trevigiana,"Bianca Gentile di Fonzaso, Bianchetta, Bianchetta Gentile, Bianchetta Semplice, Bianco Vernanzinaj, Cenese, Pavana bianca, Pignolo bianco, Senese (in Breganze), Uva Cinese, Vernaccia, Vernaccia di Verona, Vernaccia Trentina, Vernanzina (in the Berici Hills), Vernassina (in the Euganean Hills), Vernazza, Vernazza Trentina, Vernazzina, Weisser Vernatch and Weissvernatsch.",Italy
Bianchetti Genovese,NA,NA
Bianco d'Alessano,"Acchiappapalmento, Achiappapalmento, Bianco d'Assano, Bianco di Latiano, Bianco di Lessame, Bianco di Palmento, Bianco di Valdigna, Butta Palmento, Iuvarello (in Calabria), Verdurino and Vuiono (in Calabria)",Italy
Biancolella,"Bianca, Bianca Tera, Biancolella selvatica, Biancolella Veraca, Biancolella Verace, Biancolillo, Bianculella, Bianculellu, Ianculella, Ianculillo, Jancolella, Janculella, Janculillo, Petite blance and Petite Blanche.",Italy
Biancu Gentile,NA,NA
Biancone di Portoferraio,"Biancona, Biancone (in Corsica), Biancone blanc, Corcesco, Folle Verte d'Oleron, Pagadebiti di Porto S. Stefano, Pagadebiti di Porto San Stefano and Uva bianca.",Italy / France
Bical / Borrado das Moscas,"Arinto de Alcobaça, Barrado das Moscas, Bical de Bairrada, Borrado das Moscas (in the Dao), Pintado das Moscas, and Pintado dos Pardais.",Portugal
Bigolona,"Bigolara, Bigolona bianca, Bigolona Veronese, Sampagna and Smarzirola.",Italy
Blatterle,"Bianchetto de Verzuolo, Blaterle, Blatterl and Platterle.",Italy
Bratislavské biele,NA,NA
Boais,NA,NA
Bogdanuša,"Bogdanoucha, Bogdanuša Bijela, Bogdanuša Mala, Bogdanuša Vela, Bogdanuša Vela Mladinka, Bojadanuša, Bojdanuša, Mladeinka, Vrbanjka, and Vrbanjska.",Croatia
Bombino bianco,"Abondante, Bambino, Bambino Peloso Gentile, Bammino, Banjac, Bilana, Bobbino, Bommino, Bonvino, Bonvino bianco, Buon Vino, Buonvino bianco, Butta Palmento, Butta Pezzente, Buttspezzante, Calatammurro, Calpolese, Camblese, Campanile, Campolese, Campolese Camplese, Campolese Chiuso, Campolese Scinciaro, Campolese Sciniato, Carapa, Castella, Cococciola, Cola Tamburo, Colatammurro, Debit, Debit Veliki, Donnee, Marese, Ottenese, Ottonese (in central Italy, particularly the Lazio region), Pagadebiti (in Emilia-Romagna), Poulzhinatz, Pulizanac, Puljizanac, Ribola, Ripona, Scacciadebiti, Schiacciadebiti, Straccia Cambiale, Strappa Cambiale, Tivolese bianco, Trebbiano Abruzzese, Trebbiano Bianco di Chieti, Trebbiano Campolese, Trebbiano d'Abruzzo, Trebbiano d'Ora, Trebbiano d'Oro, Trebbiano di Abruzzo, Trebbiano di Avezzano, Trebbiano di Macerata, Trebbiano di Teramo, Trebbiano Dorato di Teramo, Trivolese, Uva Castellana, Uva da un Osso, Uva Fermana, Uva Romana, and Zapponara bianca.",Italy
Borba blanca,NA,Spain
Bosco,"Bosco Bianco, Bosco Bianco del Genovesato and Madea.",Italy
Bourboulenc,"Berlou blanc, Blanquette, Blanquette du Frontonnais, Blanquette du Gard, Blanquette menue, Bourbojlanc, Bourboulenco, Bourbouleng, Bourboulenque, Bourbounenco, Burbulen, Clairette dorée à Paulhan, Clairette à grains ronds, Clairette blanche, Clairette dorée, Clairette grosse, Clairette rousse, Clairette rousse du Var, Doucillon, Frappad, Grosse Clairette, Malvoisie, Malvoisie à la Clape, Mourterille, Ondenc, Picardan, Roussaou, Roussette, Roussette du Vaucluse.",France
Bouvier,"Bela Ranina, Bela Ranka, Boouvierovo Grozno, Bouvier blanc, Bouvier Précoce, Bouvier Trante weisse, Bouvier Traube weisse, Bouvierov Hrozen, Bouvierova Ranina, Bouvierovo Grozno, Bouvierovo Hrozno, Bouvierovo Ranina, Bouvierrebe, Bouviertraube, Bouviertraube weisse, Bouvieruv Hrozen, Bouvijejeva Ranka, Bouvijeorva Ranina, Bouvijerova Ranka, Bovije, Buveleova Ranka, Buvie, Buvierov Hrozen, Buvije, Buvijeova Ranina, Buvijeova Ranka, Buvijeva Ranka, Buvileova Ranka, Chasselas Bouvier, Findling, Kimmig Kp 1, Précoce de Bouvier, Précoce de Bouvier bianco, Précoce de Bouvier blanc, Précoce di Bouvier bianco, Radgonska Ranina, Radgonska Ranina bijela, Ragdonska Ranina bela, Ranina, Ranina bela, Ranka, and Sasla Buvije.",Slovenia
Breidecker,"CD 4984, Geisenheim 4984, and Gm 49-84",Germany
Brustiano bianco,"Bruschiami, Bruschianu, Bruschjami, Bruschjanu, Brustiano, Brustianu, Calitrano (in the commune of Sartène on Corsica), Calitranu, Colitrano (in Corsica) and Licronaxu bianco (in Sardinia).",France
Bual / Boal,NA,Portugal
Budai Zöld,NA,NA
Bukettraube,"Bocksbeutel, Bouquet Blanc, Bouquet Traube, Bouquettraube, Boxer, Buket, Bukettrebe, Bukettriesling, Sylvaner Musqué, Würzburger.",Germany
Burger / Monbadon,"Aouba, Auba, Berger, Blanc de Cadillac, Burger, Cadillac, Caoba, Castillone à Montendre, Frontignan, Frontignan des Charentes, Grand Blanc, Gros Montils, Meslier d'Orleans, Monbadon, and Ugni de Montpellier.",France
Caíño blanco,"Alvarinhão, Cainho, Cainho branco, Cainho de Moreira (in Vinho Verde), Caino blanco, Caíño branco (in Galicia and Portugal), Caino branco and Caino de Moreira.",Spain / Portugal
Camaralet,"Camaralet blanc, Camaralet à Fleurs Femelles, Camaralet de Lasseube, Camarau, Camaraou blanc, Gentil aromatique, Moustardet and Petit Camarau.",France
Canari blanc,"Bellecital, Caillaba and Cailleba",France
Caprettone,NA,Italy
Carica l'Asino,NA,NA
Carignan blanc,Feher Carignan and Karinjan,France
Cascarolo bianco,"Cascarala, Cascarecul, Cascarelbo and Cascarolo.",Italy
Catarratto,"Castellaro, Cataratto Bertolaro, Catarratto Bianco Comune, Catarratto Bianco Extra Lucido, Cataratto Bianco Latino, Catarratto Bianco Lucido, Catarratto Bianco Lustro, Cataratto Bianco Nostrale, Cataratto Carteddaro, Catarratto Bertolare, Catarratto Bertolaro, Catarratto Bianco Latino, Catarratto Bianco Nostrale Catarratto Carteddaro, Cattaratto Commune, and Catarrato Lucido.",Italy
Cayetana / Calagraño / Jaén blanca / Garrido,"Amor blanco, Aujubi, Avesso du Minho, Baladi, Baladi-Verdejo, Belledy, Blanca Cayetana, Blanco Jaen, Cagazal, Calagrano, Calagrano blanc, Calegrano, Cayetana blanca, Cazagal, Charello, Charelo, Chaselo, Cheres, Cirial, Clagrano, Dedo, Dedro, Djiniani, Doradillo, Farta Gosos, Fartagosos, Garillo, Garrida, Garrido, Garriga, Garrilla, Hoja Vuelta, Jaén blanco, Jaén Doradillo, Jaén Empinadillo, Jaén Prieto blanco, Jaenes, Jaina, Jarime, Jean de Castilla, Jean de Letur, Jean de Letur de Maratella, Jean Doradillo, Jean Dore, Jean Prieto, Machuenco, Maizancho, Mariouti, Mourisco Arsello, Mourisco Portalegre, Naves, Naves Cazagal, Neruca, Padero, Parda, Pardilla, Pardina, Pirulet, Plateadillo, Plateado, Robal, Tierra de Barros, Verdeja, Virules, and Xarello.",Spain
Cereza,"Ceresa, Ceresina, Cereza Italiana, Cerise, and Chereza.",Argentina
Chardonnay,"Arboisier, Arnaison blanc, Arnoison, Aubain, Aubaine, Auvergnat blanc, Auvernas, Auvernas blanc, Auvernat blanc, Auxeras, Auxerras blanc, Auxerrois blanc, Auxois, Auxois blanc, Bargeois blanc, Beaunois, Biela Klevanjika, Blanc de Champagne, Blanc de Cramant, Breisgauer Suessling, Breisgauer Sussling, Burgundi Feher, Chablis, Chardenai, Chardenay, Chardenet, Chardennet, Chardonay, Chardonnet, Chatenait, Chatey Petit, Chatte, Chaudenay, Chaudenet, Chaudent, Clävner, Clevner Weiss, Cravner, Epinette, Epinette blanc, Epinette blanche, Epinette de Champagne, Ericey blanc, Feher Chardonnay, Feherburgundi, Feinburgunder, Gamay blanc, Gelber Weissburgunder, Gentil blanc, Grosse Bourgogne, Klawner, Klevanjka Biela, Klevner, Lisant, Luisant, Luizannais, Luizant, Luzannois, Maconnais, Maurillon blanc, Melon blanc, Melon D'Arbois, Meroué,[5] Moreau blanc, Morillon blanc, Moulon, Noirien blanc, Obaideh, Petit Chatey, Petit Sainte-Marie, Petite Sainte Marie, Pineau blanc, Pino Sardone, Pino Shardone, Pinot Blanc à Cramant, Pinot Blanc Chardonnay, Pinot Chardonnay, Pinot de Bourgogne, Pinot Giallo, Pinot Planc, Plant de Tonnerre, Romere, Romeret, Rouci Bile, Rousseau, Roussot, Ruländer Weiß, Sainte Marie Petite, Sardone, Shardone, Shardonne, Später Weiß Burgunder, Weiß Burgunder (normally refers to Pinot blanc), Weiß Clevner, Weiß Edler, Weiß Elder, Weiß Klewner, Weiß Silber, Weißedler, Weißer Clevner, Weißer Rulander.",France
Chasan,E.M. 1527-78,France
Chasselas / Fendant / Gutedel / Weisser Gutedel,"Abelione, Abelone, Albilloidea, Alsacia blanca, Amber Chasselas, Amber Muscadine, Bar sur Aube, Bela Glera, Bela Zlahtnina, Berezka Prostaya, Berioska Casla, Beyaz Gutedel, Biela Plemenika Praskava, Biela Plemincka Chrapka, Biela Plemincka Pruskawa, Blanchette, Blanquette, Bon blanc, Bordo, Bournet, Bournot, Chablais, Charapka, Chasselas, Chasselas Angevin, Chasselas bianco, Chasselas Blanc Royal, Chasselas Blanchette, Chasselas Crognant, Chasselas Croquant, Chasselas de Bar-sur-Aube, Chasselas de Bordeaux, Chasselas de Florence, Chasselas de Fontainebleau, Chasselas de Jalabert, Chasselas de la Contrie, Chasselas de la Naby, Chasselas de Moissac, Chasselas de Montauban, Chasselas de Mornain, Chasselas de Pondichéry, Chasselas de Pontchartrain, Chasselas de Pouilly, Chasselas de Quercy, Chasselas de Rappelo, Chasselas de Tenerife, Chasselas de Teneriffe, Chasselas de Thomeri, Chasselas de Toulaud, Chasselas de Vaud, Chasselas di Fountanbleau, Chasselas di Thomery, Chasselas Dorada, Chasselas Dorato, Chasselas Dore, Chasselas Dore Hatif, Chasselas Dore Salomon, Chasselas du Doubs, Chasselas du Portugal, Chasselas du Roi, Chasselas du Serail, Chasselas du Thor, Chasselas Dugommier, Chasselas Dur, Chasselas Fendant, Chasselas Hatif de Tenerife, Chasselas Haute Selection, Chasselas Jalabert, Chasselas Jaune Cire, Chasselas Piros, Chasselas Plant Droit, Chasselas Queen Victoria, Chasselas Reine Victoria, Chasselas Salsa, Chasselas Tokay Angevine, Chasselas Vert de la Cote, Chasselas White, Chasselat, Chrupka, Chrupka Biela, Chrupka Bila, Common Muscadine, Danka Belaya, Dinka Belaya, Dinka blanche, Dobrorozne, Doppelte Spanische, Dorin, Doucet, Eau Douce blanche, Edelschoen, Edelwein, Edelweiss, Edelxeiss, Elsaesser, Elsasser Weiss, Fabian, Fabiantraube, Fábiánszőlő, Fehér Chasselas, Fehér Fábiánszőlő, Fehér gyöngyszőlő, Fehér ropogós, Fendant, Fendant blanc, Fendant Roux, Fendant vert, Florenci Jouana, Fondan Belyi, Franceset, Franceseta, Frauentraube, Gamet, Gelber Gutedel, Gemeiner Gutedel, Gentil blanc, Gentil vert, Golden Bordeaux, Golden Chasselas, Grossblaettrige Spanische, Grosse Spanische, Grosser Spaniger, Gruener Gutedel, Gutedel, Gutedel Weiss, Gutedel Weisser, Gyöngyszőlő, Junker, Koenigs Gutedel, Kracher, Krachgutedel, Krachmost, Lardot, Lourdot, Maisa, Marzemina bianca, Marzemina Niduca, Morlenche, Mornan blanc, Mornen, Mornen blanc, Most, Most Rebe, Moster, Pariser Gutedel, Perlan, Pinzutella, Plamenka Belyi, Plant de Toulard, Plant de Toulaud, Plemenika Praskava, Plemenka, Plemenka Bela, Plemenka Rana, Pleminka Biela, Praskava, Pruscava Biela, Queen Victoria, Queen Victoria White, Raisin D'officier, Ranka, Rebe Herrn Fuchses, Reben Herm Fuchs, Reben Herrn, Rheinrebe, Rosmarinentraube, Rosmarintraube, Royal Muscadine, Sasla, Sasla Bela, Schoenedel, Shasla Belaya, Shasla Dore, Shasla Lechebnaya, Shasla Viktoria, Silberling, Silberweiss, Silberweissling, Silberwissling, Strapak, Suessling, Suesstraube, Sweetwater, Sweetwater White, Temprano, Temprano blanco, Terravin, Tribi Vognoble, Tribiano Tedesco, Ugne, Uslechtile Bile, Valais blanc, Viala, Viviser, Waelsche, Waelscher, Weisser Gutedel, Weisser Krachgutedel, White Chasselas, White Muscadine, White Sweetwater, White Van der Laan, Zlahtina, Zlahtnina, Zlahtnina Bijela, Zlatina, and Zupljanka",Switzerland (?)
Chenel,NA,South Africa
Chenin blanc / Pineau de la Loire / Steen,"Agudelo (in Spain), Agudillo (Spain), Anjou, Blanc d'Aunis, Blanc d’Anjou, Capbreton blanc (Landes, France), Confort, Coue Fort, Cruchinet, Cugnette, Feher Chenin, Franc blanc (Aveyron, France), Franche, Gamet blanc (Aveyron, France), Gros Chenin (in Maine-et-Loire and Indre-et-Loire), Gros Pineau (in Touraine), Gros Pinot Blanc de la Loire, Gout Fort, Luarskoe, Pineau d'Anjou (in Mayenne), Pineau de Briollay, Pineau de la Loire (in Indre-et-Loire), Pineau de Savennières, Pineau Gros, Pineau Gros de Vouvray, Pineau Nantais, Plant d’Anjou (in Indre-et-Loire), Plant de Brézé, Plant de Salces, Plant de Salles, Plant du Clair de Lune, Quefort, Rajoulin, Ronchalin, Rouchelein, Rouchelin (in Gironde and Périgord), Rouchalin, Rougelin, Steen (South Africa), Stein, Tête de Crabe, Vaalblaar Stein and Verdurant.",France
Clairette,"AG Cleret, AG Kleret, Blanc Laffite, Blanket, Blanquette, Blanquette De Limoux, Blanquette du Midi, Blanquette Velue, Bon Afrara, Bou Afrara, Branquete, Cibade, Clairette, Clairette d'Aspiran, Clairette De Limoux, Clairette De Trans, Clairette Pointue, Clairette Pounchoudo, Clairette verte, Clarette, Clerette, Colle Musquette, Cotticour, Feher Clairette, Feher Kleret, Gaillard blanc, Granolata, Klaretto bianko, Kleret, Kleret Belyi, Kleret de Limu, Muscade, Osianka, Ousianka, Ovsyaika, Ovsyanka, Petit blanc, Petit Kleret, Petite Clairette, Poupe De Gate, Pti Blan d'Obena, Seidentraube, Shalos Zolotistyi, Uva Gijona, Vivsianka, Vivsyanca and Vivsyanka.",France
Claret de Gers / Claret de Gascogne,NA,NA
Claverie,"Bouguieu, Chalosse Blanche, Chaloussenc, Clabarien, Clabérieu, Clabéria, Claverie Blanc and Claverie vert.",France
Cococciola,"Cacciola, Cacciuolo and Cociumella.",Italy
Cocur,NA,NA
Coda di Pecora,Coda di Volpe,Italy
Coda di Volpe / Guarnaccia bianca,"Alopecis, Cianca rossa, Coada Vulpi, Coda di Pecora, Coda di Volpe bianca, Coda di Volpe de Maddaloni, Coda di Vulpe durante, Crapettone, Durante, Falerno, Guarnaccia bianca, Lisica opasca bjelaja, Lisitcha opachka biala, Pallagrello and Pallegrello bianco.",Italy
Colombard,"Bardero, Blanc Emery, Blanquette, Bon blanc, Koejawel bom, Chabrier vert, Charbrier vert, Colombar, Colombeau, Colombie, Colombier, Coulombier, Cubzadais, Donne rousse, Donne verte, French Colombard, Gros Blanc Doux, Gros Blanc Roux, Guenille, Kolombar, Martin Cot, Pied Tendre, Quene Tendre, Quene vert, Queue Tendre, Queue verte, and West's White Prolific.",France
Completer,"Lafnaetscha, Lafnetscha, Lafnetsela, Lindauer, Malans, Malanstraube, Malanstraube Weisse, Räuschling Edelweiss, Zürichersee, Zürichseer, Zürirebe, and Zürichersee.",Switzerland
Cortese,"Bianca Fernanda, Corteis, Cortese Bianca, Cortese Bianco, Cortese d'Asti, Cortese dell'Astigliano, Courteis, Cortesi, Courteisa, Fernanda Bianca, and Raverusto.",Italy
Crato / Crato bianco,NA,NA
Courbu / Xuri Zerratua / Bordelesa Zuri,"Bordeleza Zuria, Chacoli Zuria, Cougnet, Courbeau, Courbi blanc, Courbies, Courbis, Courbu, Courbu Gros, Courbut, Courbut blanc, Courtoisie, Ondaria Zuria and Vieux Pacherenc.",France
Criolla Grande,"Criolla Grande Sanjuanina, Criolla San Juanino, Criolla Sanjuanina, Italia, Sanjuanina Rosada, and Uva Tierna.",Argentina
Crouchen / Clare Riesling / Cape Riesling,"Basque, Cape Riesling, Cheri Cerratia, Clare Riesling, Cougnet, Crochenta, Crouchen Blanc, Cruchen, Cruchen Blanc, Cruchenta, Cruchenton Blanc, Grand Blanc, Kaapse Riesling, Messanges Blanc, Navarre Blanc, Paarl Riesling, Riesling, Riesling Vert, S. A. Riesling, Sable Blanc, Sales Blanc, Trouchet Blanc, and Zurizerratia.",France
Pearl of Csaba,"Csaba gyöngye, Csabagyöngye, Perla Czabanska, Perla di Csaba, Perle di Csaba, Perle von Csaba, жэмчуг сабa/Zhemchug csaba, Венгерский мускатный ранний/Vengerskiy muskatnyy ranniy",Hungary
Cserszegi fűszeres,NA,Hungary
Cygne blanc,NA,Australia
Dattier,NA,NA
Debina,"Dempina, Ntempina, and Zitsa.",Greece
Debit,NA,Croatia
Diagalves,NA,NA
Dimiat,"Ahorntraube, Beglerdia, Beglezsia, Bekaszaju, Bekaszölö, Belezsi, Belina, Belina krupna, Belogollandskii, Belogollanskii, Bemena, Bois Jaune, Damiat, Damjat, Damjat bial, Debela lipovina, Dertonia, Dertonija, Dertonilia, Dimiate, Dimjat, Drobna Lipovscina, Dymiat, Fehér Szemendriai, Galan, Koplik, Krupna belina, Laschka, Laska belina, Mana Kuki, Misket de Silven, Misket Slivenski, Nagyvögü, Pamid, Pamit, Parmac, Plovdina, Plovdina esküska, Plovdina eskulska, Saricibuk, Plovdiska, Podbelec, Podbeuz, Radoviska plovdina, Roscara, Rosiora, Saratchobok, Saridzibuk, Semendra, Semendria, Semendru, Senederevka, Smederevka, Smederevka bianca, Smederevka bijela, Smederevka white, Szemendriai féher, Szemendriai Zöld, Szemendrianer, Tök szöllö, Töksölö, Tökszölö, Töröklugas, Wippacher, Wippacher ahornblättrig, Yapalaki, Zarja, Zmedervka, Zoumiatico, Zoumiatis, Zumjat, Zumjatiko and Zumyat.",Bulgaria
Dinka,"Bakar, Chtein Chiler, Crvena Dinka, Crvena Ruzica, Dinka Crvena, Dinka Mala, Dinka Rouge, Fleichstraube, Fleischtraube, Hajnalpiros, Kamena Dinka, Kamenoruziak Cerveny, Kamenoruzijak Cerveni, Kevidinka, Kövidinka, Kövidinka Rose, Kövidinka Rosovaia, Kövis Dinka, Kovidinka, Kovidinka Rose, Kovidinka Rozovaya, Kubinyi, Mala Dinka, Pankota, Pirca Voeroes, Piros Koevidinka, Raisin de Rose, Rosentraube, Roujitsa, Rusica, Ruzhitsa, Ruzica, Ruzica Crvena, Ruzike Cervena, Ruzsica, Ruzsitza, Schiller, Shtein Shiller, Sremska Ruzica, Steinschiller, Steinschiller Rother, Steinschiller Roz, Vörös Dinka, Vorosz Dinka, Werschätzer, and Werschatzer.",Hungary
Dona blanca,"Alvaro de Soire, Alvaro de Sousa, Boal, Boal Cachudo, Colhao de Gallo, Dame Blanche, Doña Branca, Graciolo, Graciosa, Graziolo, Malvasia Branca, Malvasia Grosso, Moza Fresca, Santo Estevao, Valenciana, Voal Cachudo and Voal Esparrapado",Spain / Portugal
Donzelinho branco,"Donzellinho branco, Donzelyhno, Terrantes and Terrantez.",Portugal
Doradillo,NA,Spain
Drupeggio,"Bottaio bianco (in Tuscany), Cacinello, Cacciumo (in the province of Campobasso in Molise), Canaiolo bianco, Canajola, Canina (in the province of Ascoli Piceno in the Marche), Drupeccio (in Orvieto), Lupeccio, Trupeccio (in Orvieto), Uva dei Cani (in Ascoli Piceno) and Volpicchio (in Tuscany).",Italy
Durella,"Cagnina, Duracino, Durella bianca, Durello, Durelo, Durola bianca, Rabbiosa, Rabiosa, Rabiosa di Asolo, and Raboso Piava",Italy
Ehrenfelser,NA,Germany
Elbling,"Albana, Albe, Alben, Albig, Albuelin, Albuelis, Allemand, Allemand Blanc, Alsacien, Alva, Argentin, Biela Zrebnina, Bielovacka, Bielovcka, Blesec, Blesez, Bourgeois, Burgauer, Burgeger, Burgegger, Burger, Burger Elbling, Burgundertraube Gruen, Burgyre, Dickelbling, Elbai Feher, Elbe, Elbele, Elben, Elben Feher, Elber, Elbling Weiss, Elbinger, Elmene, Facum, Facun, Facun Blanc, Farantbily, Faucun, Frankenthal Blanc, Gemeine Traube, Geschlachter Burger, Gonais Blanc, Gouais Blanc, Grobburger, Grobe, Grobriesling, Gros Blanc, Grossriesler, Grossriesling, Hartalbe, Haussard, Herblink, Heunisch Gruen, Isodora Brachybus, Klaemmer, Kleinbeer, Kleinbeere, Kleinberger, Klember, Klemmer, Klemplich, Kratkopeccelj, Kristaller, Kristeller, Kurzstingel, Kurzstingl, Kurzstingler, Le Gros, Luttenbershna, Marmont Vert, Marmot, Mehlweisse, Morawka, Mouillet, Naesslinger, Nuernberger Zaeh, Nuesslinger, Pecek, Pezhech, Pezhek, Plant Commun, Plant Madame, Raifrench, Rauhelbene, Reinfransch, Rheinalben, Rheinelbe, Seretonina, Silberweiss, Silvaner Weiss, Spizelbe, Srebonina, Suessgrober, Suessgrobes, Sussgrober, Tarant Bily, Tarant De Boheme, Verdin Blanc, Vert Blanc, Vert Doux, Weissalbe, Weisselben, Weisselbling, Weisser Dickelbling, Weisser Elbling, Weisser Sylvaner, Welsche, Welschel.",Germany / Luxembourg
Emerald Riesling,"California 1139 E 29, Emerald Rizling, and Riesling Izumrudnii",USA
Emir Karasi,NA,NA
Encruzado,Salgueirinho,Portugal
Erbaluce,"Alba Lucenti, Albaluce, Albe Lucenti, Ambra, Bianc Rousti, Bianchera, Bianco Rusti, Erba Luce, Erbaluce bianca, Erbalucente, Erbalucente bianca, Erbalus, Erbcalon, Greco Novarese, Repcalon, Trebbiano Gentile, Trebbiano Perugino, Trebbiano Verde dell'Umbria, Uva Rustia, Uva Rustica, and Vernazza di Gattinara.",Italy
Esquitxagos,NA,NA
Escanyavella,NA,Spain
Ezerjó,"Biella, Budai Feher, Budicsin, Budicsina, Cirfondli, Ezer Jo, Feher Bakator, Feher Budai, Feher Sajgo, Feher Szagos, Frank, Kerekes, Kolmreifer, Kolmreifler, Konreifler, Korpavai, Korponai, Korponoi, Matyok, Predobre, Refosco, Refosco Weiss, Romandi, Satoki, Scheinkern, Scheinkernweiss, Shaikern, Staloci, Szadocsina, Szadoki, Szatoki, Szatoky, Tausendfachgute, Tausendgerte, Tausendgut, Tausendgute, and Trummertraube.",Hungary
Faber / Faberrebe,NA,Germany
Falanghina,"Biancazita, Biancozita, Biancuzita, Falanchina, Falanchina Bianca, Falanghina Verace, Falenghina, Falernina, Falerno Veronese, Fallanchina, Fallanghina, Folanghina, Montecalvo, Montellese, and Uva Falerna",Italy
False Pedro / Pedro Luis / Cañocazo,NA,NA
Farana,NA,NA
Favorita,NA,Italy
Fernao Pires / Fernão Pires,"Camarate, Fernam Pires, Fernan Piriz, Fernão Pirão, Fernao Pires, Fernão Pires do Beco, Gaeiro, Gaieiro, Maria Gomes, and Molinha.",Portugal
Ferral,NA,NA
Fetească albă / Fetiaska / Leànyka,"Baratik, Bulgarien Feteasca, Devcenco Hrozno, Devicii Belii, Dievcenske Hrozno, Dievcie Hrozno, Divci Hrozen, Fehér Leányka, Feniaska Belaii, Fetiasca Alba, Fetiasca Belii, Fetiaska Alba, Fetisoara, Fetjaska Belaja, Fetyaska, Fetyaska Belaya, Fetyaska Koroleva, Fetysare, Janyszölde, Jányszőlő, Kanigl Weiss, Lányszőlő, Leanicazea, Leanika, Leánka, Leány Szőlő, Leányka, Leanyszölde, Leányszőlő, Lyan Szölö, Mädchentraube, Medhentraube, Paparyaska, Parsaryaska, Pasareasca Alba, Pasarjaska, Peseryaska, Poama Fetei, Poama Fetei Alba, Poama Pasareasca, Roszas Leányka, Rumänien Feteasca, Udssr Fetjaska, Ungarn Leanyka, Varatik",Romania
Fetească regală,"Danasana, Danesana, Danosi, Danosi Leányka, Dunesdorfer Königsast, Dunesdörfer Königsast, Dunnesdiorfer, Erdei Sárga, Feteasca Corolevscaia, Feteasca de Danes, Feteasca Korolevskaia, Feteasca Muscatnaia, Feteasca Muskatnaia, Feteasca Regola, Galbena de Ardeal, Galbena di Ardeal, Kenigrast, Kiraileanka, Királyleányka, Königliche Mädchentraube, Königsast, Königstochter, Konigsast, Kralovska Leanka, Pesecka Leanka.",Romania / Moldova
Fiano,"Apiana, Apiano, Fiana, Fiano di Avellino, Fiore Mendillo, Foiano, Latina Bianca, Latina Bianca di Barletta, Latino, Latino Bianco, Minutola, Minutolo, and Santa Sofia.",Italy
Fié / Fiét / Fié gris,NA,NA
Findling,NA,Germany
Flora,NA,United States
Fologosão,NA,NA
Folle blanche / Gros Plant / Piquepoult,"Amounedat, Bordelais, Bouillon, Burageat, Came Braque, Camobraque, Canut, Canut du Lot et Garonne, Chalosse blanche (in the Gers and Landes region), Chalot, Dame blanc, Dame blanche (in the Lot-et-Garonne region), Damery, Engreat blanc, Enrachat, Enragé (in the Gironde), Enrageade, Enrageat (in the Gironde), Enrageat blanc, Feher Folle, Fol, Fol Belyi, Folle (in the Charente), Folle De Bordeaux, Fou, Fütterer, Grais, Grais Bouillon, Gros Meslier, Gros Plant (in the Pay Nantais and Vendée), Grosse Blanquette, Grosse Chalosse, Matza Zuri (in País Vasco), Mendic, Mendik, Mondic, Mune Mahatsa (in País Vasco), Petit Verjus, Pic Pouille blanc, Picpouille, Picpoul, Picpoule, Picpoult d’Armagnac, Picpout, Picquepouille, Piquepoul (in Gascony), Piquepoul du Gers (in Lot-et-Garonne), Piquepoult, Piquepout, Plant de Dame, Plant de Madame, Plant de Madone, Pochelle blanche, Rebauche, Rochelle blanc, Rochelle blanche, Rochelle verte, Roumain, Taloche du Lot, Talosse, and Ugne blanche.",France
Forastera,"Ferestiera, Forastera blanca, Forastiera, Forestera, Forestiera, Forestiero, Frastera, Furastera, Furastiera and Uva dell'Isola (on the island of Procida)",Italy
Forastera (Spanish grape),NA,Spain
Francavida,NA,NA
Francusa,NA,NA
Freisamer / Freiburger,Freiburg 25-1 or Fr. 25-1 and the synonym Freiburger,Germany
Fromenteau,NA,France
Furmint / Mosler / Sipon,"Allgemeiner, Alte Sestrebe, Arany Furmint, Beregi Furmint, Bieli Moslavac, Biharboros, Bihari Boros, Budai Goher, Cimigera, Csapfner, Csillagviraga Furmint, Damzemy, Demjen, Domjen, Edelweisser Tokayer, Edler weisser Furmint, Féher Furmint (in Tokaj), Formint, Formont, Fourminte, Furmint bianco, Furmint de Minis, Furmint Féher, Furmint Szagos, Furmint Valtozo, Gelber Moster, Gemeiner, Görgeny, Görin, Goher Féher, Gorin, Grasă de Cotnari, Holyagos Furmint, Jardanszki Furmint, Keknyelü, Keresztesevelu Furmint, Kiraly Furmint, Krhkopetec, Lazafürtű Furmint (in Tokaj), Ligetes Furmint, Luttenberger, Madarkas Furmint, Mainak, Maljak, Malmsey, Malnik, Malvasia verde, Malvoisie verte, Malzak, Mehlweiss, Moscavac bijeli, Moslavac, Moslavac bijeli, Moslavac zuti, Moslavina, Mosler (in Austria), Mosler gelb, Mosler gelber, Moslertraube, Moslovac (in Croatia), Moslovez, Nemes Furmint, Poam Grasa, Poma Grasa, Poshipon, Pošip, Pošipbijeli, Pošipveliki, Pošip Vrgonski, Posipel, Posipon, Pospisel, Rongyos Furmint, Salver, Sari Furmint, Sauvignon Vert, Schimiger, Schmiger, Seestock, Seeweinrebe, Shipo, Shipon, Shiponski, Sipelj, Šipon (in Slovenia and northern Croatia), Som (in Transylvania), Som shipo, Somszölö, Szala, Szalai, Szalai janos, Szalay Göreny, Szegszolo, Szegzölö, Szigethy Szöllö, Szigeti, Toca, Toca Tokai, Tokai Krupnyi, Tokaiskii, Tokaisky, Tokaijer, Tokay (in France), Tokayer, Ungarische, Weisslabler, Weisslauber, Zapfete, Zapfner, Zopfner (in Germany) and Zilavka.",Hungary
Galego Dourado,NA,NA
Garganega / Grecanico / Grecanio,"D'Oro, Decanico, Dorana di Venetia, Garganega Comune, Garganega di Gambellara, Garganega Gentile, Garganega Grossa, Garganega Piramidale, Garganega Veronese, Gracanico Dorato, Grecani, Grecanico, Grecanico Bianco, Grecanico Dorato, Grecanicu Biancu, Grecanio, Greccanico, Lizzara, Malvasia de Manresa, Ora, Oro, Ostesa, Ostesona, and Recanicu.",Italy
Garnacha blanca / Grenache blanc,"Belan, Feher Grenache, Garnacha blanca (Spanish), Garnatxa blanca (Catalan), Vernatxa blanca (Catalan) in Tierras del Ebro,[5] Rool Grenache, Silla blanc, Sillina blanc[6] and White Grenache",Spain
Gellewza,NA,Malta
Gewürztraminer / Tramini / Traminac,"Auvernas rouge, Blanc brun, Blanc Court, Bon blanc, Christkindeltraube, Christkindlestraube, Clevener, Clevner, Crevena Ruziva, Crovena Ruzica, Dišeči Traminec, Dreimaenner, Dreimannen, Dreipfennigholz, Drumin, Drumin Ljbora, Duret rouge, Edeltraube, Fermentin rouge, Fleischroth, Fleischweiner, Formentin rouge, Fourmenteau rouge, Frencher, Fromente, Fromenteau, Fűszeres, Fűszeres Tramini, Gentil Rose Aromatique, Gentil-duret rouge, Gentile blanc, Gertie, Gewuerztraminer, Gringet, Gris rouge, Haiden, Kirmizi Traminer, Klaebinger, Klaevner, Kleinbraun, Kleinwiener, Livora, Livora Cervena, Mala Dinka, Marzimmer, Mirisavi Traminac, Nature, Nature rose, Noble rose, Nuernberger Rot, Pinat Cervena, Piros Tramini, Plant Paien, Princ Cerveny, Princt Cervena, Princt Cerveny, Ranfoliza, Rosentraminer, Rotclevner, Rotedel, Roter Nuerberger, Roter Nuernberger, Roter Traminer, Rotfranken, Rothklauser, Rothweiner, Rothwiener, Rotklaevler, Rotklaevner, Rotklevner, Rousselet, Runziva, Rusa, Ruska, Ryvola, Salvagnin, Sauvagnin, Savagnin, Savagnin jaune, Savagnin Rosa Aromatique, Savagnin rose, Savagnin Rose Aromatique, Savagnin Rose Musque, St. Klauser, Termeno Aromatico, Tramin Cerveny, Tramin Korenny, Traminac Crveni, Traminac Diseci, Traminac mirisavi (Croatian), Traminac Mirisavi Crveni, Traminac Sivi, Traminec, Traminer, Traminer Aromatico, Traminer Epice, Traminer Musque, Traminer Parfume, Traminer rosa, Traminer Rose Aromatique, Traminer Rot, Traminer Rozovyi, Tramini Piros and Trammener.",France
Giró blanc,Giró blanco and Giró Roz.,Spain
Gloria,NA,NA
Godello,"Agodello, Agodenho, Agudanho, Agudelha, Agudelho, Agudello, Agudelo, Agudenho, Berdello, Godelho, Godella, Godenho, Ojo de Gallo and Trincadente.",Spain
Goldburger,Klosterneuburg 16-8 and Orangeriesling.,Austria
Goldriesling,"Goldmuskat, Riesling Doré, Riesling Khativ and Risling Zolotistyi.",France
Gouais blanc,"Absenger, Bauernweinbeer, Bauernweinbeere Weiss, Bauernweintraube, Debela, Drobna, Best's N°4, Blanc De Serres, Boarde, Bogatyur, Bon Blanc, Bordenauer, Borzenauer, Bouillan, Bouillaud, Bouilleaud, Bouillen, Bouillenc, Bourgeois, Bourguignon, Branestraube, Branne, Burgegger Weiss, Burger, Cagnas, Cagnou, Champagner Langstielig, Colle, Coulis, Dickweisser, Dickwiss, Enfarine Blanc, Esslinger, Figuier, Foirard Blanc, Frankenthaler, Gau, Gauche Blanc, Geuche Blanc, Goe, Goet, Gohet, Goi, Goin, Goix, Got, Gouai, Gouais Jaune, Gouais Long, Gouais Rond, Gouas, Gouaulx, Gouay, Gouche, Gouche Blanche, Goue, Gouest, Gouest Sauge, Gouet Blanc, Gouette, Gouge, Gouget Blanc, Gouillaud, Gouis De Mardeuil, Gousse, Grauhuensch, Grobe, Grobes, Grobheunisch, Grobweine, Grobweisse, Gros Blanc, Grünling, Guay Jaune, Gueche Blanc, Guest Salviatum, Gueuche Blanc, Guillan, Guinlan, Guy, Guy Blanc, Gwaess, Harthuensch, Hartuensch, Heinisch, Heinish, Heinsch, Heinschen Weiss, Hennische Weiss, Hensch, Heunisch Blanc, Heunisch Weisser, Heunischtraube, Heunish Weiss, Heunsch, Heunscher, Heunschler, Heunschlir, Hinschen, Hinschene, Hintsch, Huensch, Huenschene, Huentsch, Hunnentraube, Hunsch, Hunschrebe, Huntsch, Hyntsch, Issal, Issol, Kleinbeer, Kleinberger, Laxiertraube, Lombard Blanc, Luxiertraube, Mehlweisse, Mehlweisse Gruen, Mendic, Moreau Blanc, Mouillet, Nargouet, Pendrillart Blanc, Petit Gouge, Pichons, Plant De Sechex, Plant Madame, Plant Seche, President, Regalaboue, Riesling Grob, Rous Hette, Roussaou Blanc, Rudeca Saboule Boey, Sadoule Boey, Sadoulo Bouyer, Seestock Grob, Tejer Szozeloe, Thalburger, Trompe Bouvier, Trompe Valet, Verdet, Verdin Blanc, Vionnier, Weisse Traube, Weisser Heunisch, Weissgrobe, Weissheinsch, Weissstock, Weisstock, Wippacher, Zoeld Hajnos",NA
Graisse / Plant de Graisse,"Blanquette, Blanquette grise, Cargo saoumo, Cargo saumo, Chalosse, Cholosse, Clairette égreneuse, Cotiblanc, Cotilblanc, Gras, Gras blanc, Grecho, Gros blanc, Jalosse, Mendic, Plant de graisse, Plant de Grecho, Plant de Mun, Président, Ramassaou blanc, Ramassou blanc, Taloche, Tizourine bou-aferara blanc and Tizourine bou-afrara.",France
Grasă de Cotnari,NA,Romania / Moldova
Grechetto,"Greca del Piemonte, Grecherello, Grechetto bianco, Grechetto di Todi, Grechetto Nostrale, Greco, Greco bianco di Perugia, Greco Gentile, Greco Spoletino, Montanarino Bianco, Montanaro, Occhietto, Pignoletto, Pistillo, Pizzinculo, Pocinculo, Pulce, Pulcincolo, Pulcinculo bianco, Pulcinculu, Pulcinella, Stroppa Volpe, Strozza Volpe, Strozzavolpe, and Uva di San Marino.",Greece
Greco bianco,"Balsamina Bianca, Biancame, Greco Biondello, Greco Castellano, Greco delle Torre, Greco del Vesuvio, Greco di Gerace, Greco di Napoli, Greco di Tufo, Greco Maceratino, Greco Moneccio, Grecula, Grecu Niuru, Grieco, Gieco, Grecau, Montecchiese, Morbidella, Ragusano Bianco, Sambiase, and Verdicchio near",Greece
Green Hungarian,"Aramon du Nord, Bela Pelesovna, Bela Selenika, Belline, Bockseckel, Butschera, Elender, Glockauer, Grüne (Selena) Pelesovna, Gyöngy Szölö, Gyöngyszölö, Heinisch Rot, Hinschen Weiss, Lelt Szoeloe, Misera, Perlentraube, Putchir, Putscheere Bleu, Putscher, Putzcheere, Putzscheere, Raifler, Rothinsch, Rothreifler, Sauerlamper, Talburger, Tokauer, Tokayer, Treitsche, Ungar, Weisser Tokayer, and Zuti Krhkopetec.",Hungary
Grenache blanc / Garnacha blanca,"Belan, Feher Grenache, Garnacha blanca (Spanish), Garnatxa blanca (Catalan), Vernatxa blanca (Catalan) in Tierras del Ebro,[5] Rool Grenache, Silla blanc, Sillina blanc[6] and White Grenache",Spain
Grenache gris,"Abundante, Aleante, Aleantedi Rivalto, Aleante Poggiarelli, Alicant Blau, Alicante, Alicante Grenache, Aragones, Bois Jaune, Cannonaddu, Cannonadu Nieddu, Cannonau, Cannonau Selvaggio, Canonazo, Carignane rosso, Elegante, Francese, Gamay del Trasimeno, Gamay Perugino, Garnaccho negro, Garnacha Comun, Garnacha negra, Garnacha Roja, Garnacha tinta, Garnatxa negra, Garnatxa Pais, Gironet, Granaccia, Granaxa, Grenache noir, Grenache rouge, Kek Grenache, Lladoner, Mencida, Navaro, Navarra, Navarre de la Dordogne, Navarro, Negru Calvese, Ranconnat, Red Grenache, Redondal, Retagliadu Nieddu, Rivesaltes, Roussillon Tinto, Roussillon, Rouvaillard, Sans Pareil, Santa Maria de Alcantara, Tentillo, Tintella, Tintilla, Tinto Menudo, Tinto Navalcarnero, Tai rosso, Toledana, Uva di Spagna, and Vernatxa.",Spain
Grignolino,"Arlandino, Balestra, Barbesino, Barbesinone, Barbezina, Barbisone d'Espagne, Barbosina de Bologne, Girodino, Girrodino, Grignolino Comune, Grignolino Fino Nero, Grignolino Grosso Nero, Grignolino Rosato, Grignolino Rosso, Grugnolino, Grugnolino Pisano, Nebbiolo Rosato, Neretto di Marengo, Pollasecca, Rosetta, Rossello, Rossetto, Rossetto Cites, and Verbesino.",Italy
Grillo / Riddu / Rossese bianco,NA,Italy
Grasa / Grasa de Cotnari,NA,Romania
Grk Bijeli,"Gark, Gherk Blanc, Ghrk, Grk, Grk Korčulanski, Grk Mali, Grk Veli, Korčulanski.",Croatia
Grolleau gris,"Grolleau, Groslot de la Thibaudière, and Groslot gris.",France
Gros Manseng  / Izkiriota Handi,"Gros Mansenc Blanc, Gros Manseng Blanc, Ichiriota Zuria Handia, Ichiriota Zuriahandla, Manseng Gros Blanc, Petit-Mansenc.",France
Grüner Veltliner,"Bielospicak, Cima Biancam, Dreimänner, Feherhegyü, Feldlinger, Grauer Veltliner (in Austria), Green Veltliner, Grün Muskateller, Grüne Manhardsrebe, Grüner, Grüner Muskateler (in Austria), Grüner Muskateller (in common usage until the 1930s), Grüner Velteliner, Grüner Weissgipfler, Grüner Weltliner, Grünmuskateller, Gruner Veltliner, Manhardsrebe, Manhardtraube, Manhartsrebe, Mauhardsrebe, Mouhardrebe, Mouhardsrebe, Muskatel, Muskatel Zeleny, Nemes Veltelini, Plinia Austriaca, Ranfol bianco, Ranfol Bijeli, Ranfol Weisser, Rdeci Veltinec, Reifler Weiss, Ryvola Bila, Tarant Bily, Valtelin blanc, Valtelina vert, Valteliner, Valteliner blanc, Valteliner vert, Velteliner Grüner, Velteliner vert, Velteliner Weisser, Veltelini Zöld, Veltlin Zeleny, Veltlinac Zeleni, Veltlinec, Veltliner (in Alto Adige), Veltliner blanc, Veltliner grau (in Austria), Veltliner Grun, Veltliner Gruner, Veltliner Grün, Veltliner verde, Veltlini, Veltlinske Zelené (in Slovakia), Veltlínské Zelené (in Czech Republic), Veltlinski Zelenii, Veltlinsky Vert, Veltlinsky Zeleny, Vetlinac, Vetlinac Zeleni, Weisser Raifler, Weisser Reifler, Weisser Valteliner, Weisser Velteliner, Weisser Veltliner, Weissgipfler (in Austria), Weissgipfler Grüner, Yesil Veltliner, Zeleni Vetlinac (in Slovenia), Zeleny Muskatel, Zleni Veltinac, Zöld Muskotally, Zöld Muskotalynak, Zöld Veltelini (in Hungary), Zöld Velteliny, Zöldveltelini and Zold Veltelini.",Austria(?)
Guardavalle,NA,NA
Gutenborner,Geisenheim 17-52,Germany
Hárslevelű,"Budai Goher, Feuille de Tilleul, Frunza de Tei, Frunze de Tei, Gars Levelyu, Garsh Levelyu, Garsleveliu, Garsz Levelju, Gorsh Levelyu, Hachat Lovelin, Harch Levelu, Harchlevelu, Hars Levelu, Hars Levelü, Hárs Levelű, Hars Levelyu, Harslevele, Hárslevele, Harst Leveliu, Harzevelu, Hosszúnyelű Fehér, Kerekes, Kereklevelű, Lämmerschwanz, Lämmerschwanz, Weisser, Lidenblättriger, Lindenblätrige, Lindenblättrige, Lindenblättriger, Lindenblütrige, Lindener, Lipolist, Lipolist Biyali, Lipovina, Musztafer, Nöthab, Tarpai, Tokai, Tokay, and Vörös.",Hungary
Hondarrabi Zuri,NA,Spain
Humagne Blanche,NA,Switzerland
Huxelrebe / Courtillier Musqué,Alzey S 3962 or AS 3962.,Germany
Incrocio Manzoni,NA,Italy
Irsai Oliver / Irsay Oliver / Irsai Olivér,"Aranyló, Aranyló Korai, Carola, Irchai Oliver, Irsai, Irsai Olivér Muskotály, Irshai Oliver, Karola, Korai Aranyló, Muscat Oliver, Muskat Irsai Oliver, Muskat Oliver, Olivér Irsai, Oliver Irsay, Zoeloetistii Rannii, Zolotisti Ranij, Zolotistyi Rannii, Zolotistyi Ranniy, Zolotistyj Rannij, and Zolotisztuej Rannij.",Hungary
Italia,NA,Italy
Jacquère,"Altesse de Saint-Chef, Blanc des Ecoutoux, Buisserate, Cherche, Coufe Chien, Cugnete, Cugnette, Cugniette, Jacquère Blanche, Jacquèrre, Jacquière, Martin Cot, Martin Cot Blanc, Molette de Montmelian, Patois Rossette, Plant de Myans, Plant des Abymes, Redin, Robinet, Rossettin, Roussette, Roussette de Montmelian.",France
Jampal,NA,NA
Juhfark,"Bacso, Balatoni Szőlő, Bárányfarkú, Boros, Boros Fehér, Boros Vékonyhéjú, Budai Goher, Coada Oii, Dünnschalige, Durbancs, Durbants, Fehér Boros, Fehérszőlő, Ihfarku, Jufarco, Juhfarks Weisser, Juhfarkú, Juhfarku Gelber, Kukuruztraube, Lämmerschwanz, Mohácsi, Mustafer, Musztafehár, Nyárhajú, Oocji Rep Bili, Pápai, Sarboros, Sárga Boros, Schweifler, Szeplős, Tämmerschwanz Weisser, Tarpai, Török Búza Szőlő, Tokayer Langer Weisser, Vékonyhéjú, and Vinase.",Hungary
Juwel,NA,Germany
Kanzler,NA,Germany
Keknyelu / Kéknyelű,NA,Hungary
Kerner,"Herold Triumpf, Herold Weiss, Schiava Grossa × Riesling Renano WE 25/30, Trollinger × Riesling Renano WE S 25/30, WE S 2530, Weinsberg S 25-30, Weißer Herold",Germany
Knipperle / Klein Rauschling,"Beli Kleschiz, Breisgauer Riesling, Colmer, Drobni Kleshiz, Elsaesser, Eltinger, Faktor, Gelber Ortlieber, Kauka Weiss, Kipperle, Klein Rauschling, Kleiner Gelber, Kleiner Methuesser, Klescec, Kleschiz Beli, Knackerle, Kniperle, Libiza, Mali Javor, Metsuesser Klein, Mielleux Petit, Oettlinger, Ortlibi Sarga, Ortlieber, Ortlieber A 2, Ortlieber Früh, Ortlieber Gelb, Ortlieber Grün, Ortlieber Spaet, Ortlieber Weiss, Ortlieber Weisser, Ortliebi, Ortliebske Rane, Ortliebstraube, Petit Mielleux, Raeuschling Klein, Reichenweiberer, Reichenweierer, Reichenweiherer, Rochelle, Rochelle Blanche, Roshel, Rungauer, Sibiza, Türkheimer",France
Koshu,NA,Japan
Kövérszőlő,NA,Romania / Hungary
Karija l'Osü,NA,NA
Krstač,"Beli Krstac, Bijela Krata, Bijela Loza, Bijela Vinogradarska, Bijeli Krstac, Krata Bijela, Krsta Bijela, Krstac Bijeli, Krstaca Bijela, Krstach Bianco, Loza Bijela, and Vinogradarska Bijela.",Serbia / Montenegro
Kujundžuša,NA,NA
Ladikino,NA,NA
Lado,NA,NA
Lagarino bianco,Chegarèl and Sghittarella,Italy
Lagorthi,NA,Greece
Lauzet,"Laouset, Lauzet Blanc and Lercat Blanc.",France
Len de l'El / Len de l'Elh / Loin-de-l'oeil,"Cavaille, Cavailles, Cavalie, Cavalier, Endelel, Kavale, Kavaler, L'Endelel, Len de l'Elh, Len del El, Lenc de l'El, Lendellet, Loin de l'oeil.",France
Loureira,"Arinto, Branco Redondo, Branco Redondos, Dorado, Dourada, Dourado, False Pedro, Gallego Dourado, Loeireiro Blanco, Loureiro, Loureiro Blanco, Marques, Marquez, and Rutherglen Pedro.",Spain
Luglienga,"Agliana, Agosenga di Aosta, Agostenga, Agostenga di Aosta, Agostinga, Augustaner weiss, Augustauer, Belle Alliance, Blanc de Bovelle, Blanc de Champagne, Blanc de Pagès, Blanc précoce de Kientzheim, Blussard weiss, Blussart weiss, Bona in Ca (in the Trentino wine region), Budazgoher, Buona in casa, Burchardt's Amber Cluster, Busby's Golden Hamburgh, Champion Dore, Charnu, Early Kientzheim, Early Leipzig, Early Green Madeira, Early White Malvasia, Fresa di Mensa, Frueher Grosser Malvasier, Frueher Grosser Gelber Malvasier, Frueher Leipziger, Frueher Orléans, Fruehweisse Zibede, Gelbe Seidentraube, Gosvabne Zhelte, Golden Hamburgh, Gros blanc, Grove End Sweetwater, Guštana (in Slovenia), Hedvanbé zluté, Hodvabné ztlé, Joannen Charnu, Joanenc, Joannenc, Jouanen, Jouanenc (in France), Jouannenc, Jouannene, Juanen, Julliatique blanche, Karmelitanka bijela, Kientsheim, Krim ai Izium, Krim ai Izyum, Krym ai Izyum, Krymskii Rannii Vinograd, Lignan, Lignan blanc (in France), Lignenga (in Piedmont), Lilanica, Limian, Linian, Linian belii, Linian Belyi, Linyan, Linyan Belyi, Lugiadega, Ligiana bianca, Lugliata, Lugliatica (in Piedmont), Luglienca, Luglienco bianco, Luglienga, Luglienga bianka, Luglienga bianca, Luglienga verde, Luglienchis, Lugliolina, Lugliota, Lulienga, Luigese (in Liguria), Madalénen, Madeleine Alb, Madeleine blanche, Madeleine verte de la Dorée, Madlen belii, Madlen Belii Rannii, Margit Fegher, Margit féher, Margit Korai Feher, Meslier, Précoce de Hongrie, Précoce du Vaucluse, Pulsar Belyi, Pulsart blanc, Ragusaner weiss, Raisin de la Saint-Jean, Raisin de Vilmorin, Ranka, Rognaneau, Rumamellas, Saint John‘s, San Jacopo, Santa Anna di Lipsia, Seidentraube (in Germany and Switzerland), Seidentraube Gelb, Selkovaia Kist, Shelkovaya Kist, St. Anna di Lipsia, Uva Buona in Casa, Uva Pastora, Uva di Sant'Anna (in Piedmont), Vert Précoce de Madère, Vigriega, Waelsch Gelb and Weisser Kilianer",Italy
Lumassina,NA,NA
Macabeo / Macabeu / Alcañón / Viura,"Alcañol, Alcañón, Blanca de Daroca, Charas blanc, Forcalla, Gredelín, Lardot, Listan Andaludschii, Listan Andaluzskii, Lloza, Macaban, Macabeu, Maccabeo, Maccabeou, Maccabeu, Makkobeo, Malvoisie, Provensal, Queue de Renard, Rossan, Subirat, Tokay, Ugni blanc, Viuna, Xarello",Spain
Maceratino,"Aribona, Bianchetta, Bianchetta Montecchiese, Greco, Greco ad acini piccoli, Greco bianco delle Marche, Greco Castellano, Greco delle Marche, Greco Fino, Greco Maceratino, Greco Montecchiese, Maceratese, Matelicano, Montecchiese, Ribona, Uva Stretta, Verdicchio Marina, Verdicchio Marino, Verdicchio Sirolese and Verdicchio Tiroles",Italy
Madeleine Angevine,"Azhupskaja Mladenka, Chasselas de Talhouet, Juliusi Magdolna, Korai Magda, Maddalena Angevina, Madelaine Angevine, Madlen Angevine, Madlen Anzevin, Madlen Anzhevin, Madlen Anzhuiskaya, Madlenka Rana, Magdalene Angevine, Magdalenka Skora, Magdalina Anzhuiskaya, Margitszoeloe, Petrovskii, and Republician",France
Majarcă Albă,NA,NA
Malagousia / Malagoussia,"Malagouzia, Malagoyzia, Malaouzia, Malaoyzia, Melaouzia, and Melaoyzia.",Greece
Malvar,NA,Spain
"Malvasia, includes several sub-varieties",NA,Greece
Mantonico bianco,"Mantonacu, Mantonica vera, Mantonico Maclugnese, Mantonico vero, Mantonicu Pizzutella, Mantonicu vera and Mantonacu Viru della Locride.",Italy
Manteudo,NA,NA
Maria Gomes / Fernão Pires,"Camarate, Fernam Pires, Fernan Piriz, Fernão Pirão, Fernao Pires, Fernão Pires do Beco, Gaeiro, Gaieiro, Maria Gomes, and Molinha.",Portugal
Marsanne,"Avilleran, Avilleron, Champagne Piacentina, Ermitage, Ermitage Blanc, Ermitazh, Grosse Roussette, Hermitage, Johannisberg, Marsan Belyi, Marsanne Blanche, Marzanne, Metternich, Rousseau, Roussette de Saint Peray, Roussette Grosse, White Hermitage, and Zrmitazh.",France
Marzemina bianca,"Berzemina di Breganze, Champagna, Champagne, Sampagne and Sciampagna.",Italy
Mauzac,"Aiguillon, Becquin, Bekin, Bequin, Blanc Lafitte, Blanquette, Blanquette Aventice, Blanquette de Limoux, Blanquette Sucrée, Caspre, Clairac, Feuille Ronde, Gaillac, Gaillade, Gamet blanc, Manzac, Maousac, Mausac, Maussac, Mauza, Mauza blanca, Meauzac, Moisac, Moissac, Moysac, Mozac, Mozak Belyi, Peron, Perrond, Pied Rond, Plant de Gaillac, Primard, Queue Fort, Queue Roide, and Sudunais.",France
Melon de Bourgogne / Muscadet,"Auxerrois Gros, Biaune, Blanc de Nantes, Bourgogne blanche, Bourgogne verde, Bourgogne verte, Bourguignon blanc, Clozier, Feher Nagyburgundi, Feuille Ronde, Gamay blanc, Gamay Blanc à Feuilles Rondes, Gamay Blanc Feullies Rondes, Game Kruglolistnyi, Gros Auxerrois, Gros blanc, Grosse Saint Marie, Lyonnais, Lyonnaise blanche, Malin blanc, Mele, Melon, Meurlon, Mourlon, Muscadet, Perry, Petit Bourgogne, Petit Muscadet, Petite Biaune, Petoin, Petouin, Picarneau, Plant de Lons-Le-Saulnie, Roussette Basse, Später Weisser Burgunder, and Weisser Burgunder.",France
Merlot blanc,"Merlau blanc, Merlaut blanc and Merlot bianco",France
Merseguera / Verdil / Verdosilla,"Blanqueta, Blanquilla, Escanyagos, Exquitsagos, Exquitxagos, Gayata, Gayata Blanca, Lanjaron, Lanjaron Claro, Macaban, Macabeo Basto, Marisancha, Marisancho, Marseguera Masadera, Masaguera, Masseguera, Menseguera, Merseguera de Rio, Mersequera, Meseguera, Messeguera, Messeguera Comun, Mezeguera, Mezeyguera, Planta Borda, Planta de Gos, Trova, Uva Planta, Verdosilla, and Verema Blanca.",Spain
Meslier St-François,"Anereau, Annereau, Blanc ramé, Blanc ramet, Bonne blanche, Bordeaux blanc, Chalosse, Chalosse de Bordeaux, François blanc, Gros meslier, Grosse blanche, Meslier, Meslier blanc, Meslier d’Orleans, Meslier de Seine et Oise, Meslier du Gâtinais, Meslier du Gers, Meslier gros, Meslier jaune, Meslier vert, Pelgarie, Pot de vin, Purgarie and Rochelin.",France
Mezesfehér,NA,NA
Minella bianca,"Eppula, Minedda bianca, Minnedda bainca, Minnedda bianca, Minnedda bianca de Catane, Minnedda Ianca and Minella.",Italy
Miousap,NA,NA
Molette,Molette blanche and Molette de Seyssel.,France
Moll,NA,NA
Montonico bianco,"Bottato, Caprone, Ciapparone, Chiapparone, Coppa, Montanaro, Ognone, Racciapollona, Racciapollone, Raccipolluta, Roccipolluta, Roccipoluta, Trebbiano Marchigiano, Trebbiano Montanaro, Uva d'Oro di poggio delle rose, Uva di poggio delle rose, Uva Fermana, Uva Racciapoluta, Uva Roccipolluta and Uva Regno.",Greece
Montu,"Bianchetto, Bianchiana, Bianchino, Montoncello, Montonego bianco, Montuni and Montuno.",Italy
Morio-Muskat,NA,Germany
Moscatel Rosada,NA,NA
Moscato Giallo,"Fior d'Arancio (in Padova), Goldenmuskateller (in Bolzano), Goldmuskateller, Moscat, Moscatel (in Trentino), Moscato Cipro, Moscato dalla Siria, Moscato Sirio, Moscato Siro, Muscat du Pays (in the Valais region of Switzerland), Muscat Italien, Muscat vert (in Valais), Muscatedda (in Sicily), Muscato de Goloio, Muskat Dzhiallo and Muskat Zuti.",Italy or Middle East.
Moschofilero / Moscophilero,"Fileri Tripoleos, Filleri Tripoleos, Moschofilero, Moschophilero, Moscophilero, Mosxofilero, Phileri Tripoleos",Greece
Mtsvane,"Dedali Mtsvane, Dedali Mtzvane, Dedam Kourdzeni, Dedat Kourdzeni, Dedat Kurdzeni, Dedate Koudzeni, Mamali Mtsvane, Mamali Mtsvani, Mamali Mtzvane, Matsvane Kakhetinskii, Matsvani, Mchkhara, Mchknara, Mciknara, Mcvane Kachetinskij, Mcvane Kahetinski, Mtchknara, Mtsvane Kakhetinskii, Mtzvane Kachuri, Mtzvane Kakhetinsky, Mzibani, and Sapena",Georgia
Müller-Thurgau / Rivaner,"Miler Turgau, Müller, Müller-Thurgaurebe, Müllerka, Müllerovo, Müller-Thurgeau, Müllerka, Müllerovo, Riesling-Silvaner, Riesling-Sylvaner, Riesling x Silavaner, Rivaner, Rizanec, Rizlingsilvani, Rizlingszilvani, Rizlingzilvani, Rizvanac, Rizvanac Bijeli, Rizvanec, Rizvaner",Switzerland
Muscadelle (Tokay in Australia),"Angelicaut, Angelico, Blanc Cadillac, Blanche Douce, Bouillenc Muscat, Buillenc, Cadillac, Catape, Colle, Colle Musquette, Doucanelle, Douzanelle, Enfin, Guepie, Guilan Doux, Guilan Muscat, Guilan Musque, Guillan, Guillan Musque, Guinlhan Musque, Marmesie, Marseillais, Melon de Bougogne, Muscade, Muscadela, Muscadelle de Bordelais, Muscadet, Muscadet Doux, Muscalea, Muscat Fou, Musquette, Pedro Ximenes Krimsky, Raisimotte, Raisin de Musco, Raisinote, Raisinotte, Rousselou, Sauvignon à Gros Grains, Sauvignon Muscadelle, Sauvignon vert, Tokay, Vesparo, and White Angelica.",France
Muscat / Moscato / Misket,NA,NA
"Muscat of Alexandria / Moscatell / Moscatel de Málaga, de Setúbal","Acherfield's Early Muscat, Aggliko, Albillo de Toro, Aleksandrijski Muskat, Alexander Muskat, Alexandriai Muskotally, Alexandrian Frontignan, Alexandriski Muskat, Anglico, Angliko, Apostoliatiko, Argelino, Augibi, Augibi Blanc, Augibi de Muscat, Augibi Muscat, Augihi Muscat, Bornova Misketi, Bowood Muscat, Broccula, Cabas à la Reine, Charlesworth Tokay, Chasselas Fleur d'Oranger, Chasselas Musqué, Cibeben Muskateller, Cibib, Cibib Muskatani Bijeli, Damascener Weiss Muscat, Damaszkuszi Muskotally, Daroczy Musko, Englesiko, Escholada Superba, Fruity Lexia, Gerosolimitana Bianca, Gordo, Gris de Muscat, Hanepoot, Hbiqui, Isidori, Iskenderiye Misketi, Iskendiriye Misketi, Jubi, Jubi Blanc, Kabridja, Kabrija, Kalabrija, Malaga, Malaga Blanc, Malakay, Meski, Moscatel, Moscatel Bianco, Moscatel Blanco, Moscatel de Alejandria, Moscatel de Aleyandria, Moscatel de Chipiona, Moscatel de Espana, Moscatel de Grano Gordo, Moscatel de Jesus, Moscatel de Lanzarote, Moscatel de Malaga, Moscatel de Samso, Moscatel de Setubal, Moscatel de Valencia, Moscatel Flamenco, Moscatel Gordo, Moscatel Gordo Blanco, Moscatel Gorron, Moscatel Groso, Moscatel Malaga, Moscatel Real, Moscatel Roma, Moscatel Romano, Moscatel Romano Blanco, Moscatel Ulmancia, Moscatellone, Moscatelon, Moscatelone, Moscato di Alessandria, Moscato di Calabria, Moscato di Pantellaria, Moscato di Pantelleria, Moscato Gordo, Moscato Romano, Moschato Alexandrias, Moschato Limnou, Muscat, Muscat A Gros Grains, Muscat Bowood, Muscat Caminada, Muscat Candia, Muscat Croquant, Muscat d'Alesandrie, Muscat d'Alexandrie, Muscat d'Alexandrie Blanc, Muscat d'Alexandrie de Raf Raf, Muscat d'Espagne, Muscat de Alexandria, Muscat de Caminada, Muscat de Jerusalem, Muscat de Kelibia, Muscat de Raf-Raf, Muscat de Rivesaltes, Muscat de Roma, Muscat de Rome, Muscat de Sagunto, Muscat de Sale, Muscat Escholata, Muscat Flame, Muscat Gardo, Muscat Gordo Blanco, Muscat Grec, Muscat Llansa, Muscat Primavis, Muscat Romain, Muscat Tynningham, Muscataiu, Muscatdamascener Weiss, Muscatellone di Espagna, Muscato Romano, Muskat Aleksandriiskii, Muskat Etolyata, Muskat Krupni, Muskat Mali, Muskat Rapski, Muskat Veliki, Pais Myuske, Panse Muscade, Panse Muscat, Panse Musque, Panse Musquee, Paradisia, Pasa de Malaga, Pascal Muscat, Passe Muscat, Raisin de Malaga, Raisin du Husaco, Roode Hanepoot, Ryton Muscat, Salamanca, Salamanna, Salamanna Bianca, Salamonica, Seralamanna, Smirnai Szagos, Spanier Weiss, Tamaiioasa de Alexandria, Tokay Musqué, Tottenham Park Muscat, Tynningham Muscat, Uva Aceituna, Vanille Raisin, Vizaca, White Hanepoot, White Muscat of Alexandria, White Muscat of Lunel, White Romain, Zibeben-Muscateller Weisser, Zibibbo, Zibibbo Blanco, Zibibbo di Pantelleria, Zibibbu, Zibibbu di Sicilia, Zihibbo, Zihibbo di Marcellinaria, Zihibbo di Milazzo, Zihibbo di Pantelleria, Zihibbo di Termini, Zihibbo di Trapani, Zihibbo Hianco Moscato, and Zihibbu di Sicilia.",Egypt
Muscat Blanc à Petits Grains / Muscat Frontignan / Muskateller / Moscatel branco / Frontignan,"Frontignan, and in Macedonia and Serbia is known as Temjanika",Greece
Muscat Ottonel,"Chasselas Saint Fiacre, Mirisavka, Mirislavka, Misket Ottonel, Moscato Otonel bianco, Moscato Ottonel, Moscatos, Mozzonel, Muscadel Ottonel (in South Africa), Muscat Otonel blanc, Muscat Otonel White, Muscat Ottone, Muscat Ottonel Weiss, Muscats, Muskat Otonel (in Bulgaria), Muskat Otonel Bijeli, Muskat Otonel Weisser, Muskat Ottonel (in Austria, Germany and Slovenia), Muskotally, Muskotály (in Hungary), Ottonel, Ottonel Frontignan, Ottonel Muscotally, Ottonel Muskotály (in Hungary), Tǎmîioasǎ Ottonel, Muscat de Craciunel Tirnave(in Romania) and Tamiioasa Ottonel.",France
Nasco,"Basco Bianco, Nasco Bianco, Nasco di Sardegna, Nascu, Nasko Sardinskii, Nusco, Ogu de Aranna and Resu.",Italy
Neherleschol,NA,NA
Neuburger,"Brubler, Brugler, Feher Neuburger, Feher Neuburgi, Feher Neuburgi Ujvari, Neiburger, Neuburg, Neuburger Alb, Neuburger blanc, Neuburger Weisser, Neuburgi, Neuburgske, Neuburske, Neue Rebe, Neugurger Bijeli, Nojburger, Novogradski, Ujvari, Weisser Neuburger.",Austria
Nobling,Staatliches Weinbauinstitut Freiburg: FR. 128-40 and Freiburg 128-40,Germany
Nosiola,NA,Italy
Nuragus,"Abbondosa, Abboudossa, Abbsudosa, Abundans, Aksina de Marjian, Aksina de Popurus, Axina de Margiai, Axina de Popurus, Axina Scacciadeppidus, Bruscu biancu, Burdu, Garna Chchija, Garnaccia, Granazza, Lacconargiu, Malvasia di Luras, Meragus, Nugarus, Nuragus blanc de Sardaigne, Nuragus Moscadeddu, Nuragus Moscatello and Nuragus Trebbiana.",Italy
Ondenc,"Austenq, Béquin, Bergeracois, Blanc de Gaillac, Blanc Select, Blanc Selection Carrière, Blanquette, Blanquette Sucrée, Chaloche, Chalosse, Cu de Brecherou, Doudant Blanc, Doundent, Dourec, Dourech, Fronsadais, Gaillac, Irvine's White, Mauzac, Œil de Tour, Ondain, Ondainc, Ondent, Ondin, Oundenc, Oundenq, Oustenc, Oustenq, Oustenque, Piquepout de Moissac, Plant de Gaillac, Prendiou, Prentiou, Primai, Primaic, Primard, Printiou, Riverain, Sable Blanc, Semis Blanc, Sencit Blanc, Sensit Blanc, and Sercial.",France
Optima,Geilweilerhof 33-13-113 and Gf. 33-13-113.,Germany
Oraniensteiner,NA,NA
Orion,Geilweilerhof GA-58-30 and Gf. GA-58-30,Germany
Ortega,NA,Germany
Ortrugo,"Altrughe, Altrugo, Altrugo de Rovescala, Altrugo de Rovalesca, Artrugo, Barbasina, Barbesina, Barbesino, Barbesino bianco, Barbsin agglomerato, Barbsin bianco, Ortrugo de Rovescala, Trebbiano di Tortona, Vernasino bianco and Vernesina.",Italy
Oz,NA,NA
Pagedebit,NA,NA
Pallagrello bianco,"Pallarelli, Pallagrella bianca, Pallagrello di Avellino, Pallarella and Piedimonte bianco.",Italy
Palomino / Listan / Perrum,NA,Portugal
Pampanuto / Pampanino,"La Pampanuta, Pampanino, Pampanuta, Pampanuto di Terlizzi and Rizzulo.",Italy
Parč,NA,NA
Pardillo / Pardina,NA,Spain
Parellada,"Martorella, Montonec, Montonech, Montonega, Montoneo, Montonero, Montonet, Parellada blanc, Perelada and Perellada.",Spain
Pascal blanc,"Brun Blanc, Jacobin violet, Ostertraube, Pascal, Pascaou Blanc, Plant Pascal and Plant Pascolu.",France
Passerina,NA,Italy
Pecorino / Pecorello,"Arquitano, Biancuccia, Bifolchetto, Bifolco, Bifolvo, Dolcipappola, Dolcipappolo, Forcese, Forconese, Iuvino, Juvino, Lanzesa, Moscianello, Mosciolo, Mostarello, Norcino, Pecorella, Pecorello, Pecorello di Rogliano, Pecori, Pecorina, Pecorina Aquitanella, Pecorina Arquatanella, Pecorino Bianco, Pecorino de Arquata, Pecorino di Arquata, Pecorino di Osimo, Piscianello, Piscianino, Promotico, Sgranarella, Stricarella, Striccarella, Trebbiano Viccio, Uva Cani, Uva degli Osti, Uva Dell'occhio Piccola, Uva Delle Donne, Uva Delle Peccore, Uvarella, Uvina, Vecia, Verdicchio Bastardo Bianco, Vissanello and Vissanello bianco.",Italy
Pedro Giménez,NA,Argentina
Pedro Ximénez/ PX / Alamís,"Alamais, Chirones, Corinto bianco, Don Bueno, Jimenez, Pedro, Himenez, Ximénez, Ximénès, Pedro Jimenez (in Andalusia), Pedro Khimenes, Pedro Ximénès, Pedro Ximenes (in Andalusia), Pedro Ximenez, Pedro Ximenez Bijeli, Pedro Ximenes De Jerez, Pedro Ximenez De Montilla, Pedro Ximinez, Pero Ximen, Perrum (in the Alentejo region of Portugal), Pasa Rosada De Malaga, Pierre Ximenes, Uva Pero Ximenez, Uva Pero Ximen, Uva Pero Ximenes, Pero Ximenez, Ximen, Ximenes (in Andalusia), Ximenez, Alamis De Totana, Alamis, Myuskadel, Verdello (in the Canary Islands), Ximenecia, Zalema Colchicina and the abbreviation PX (in Andalucía)",Spain
Perle,NA,Germany
Petit Courbu,Courbu and Courbu Petit.,France
Petit Manseng / Izkiriota Ttipi,"Escriberou, Ichiriota Zuria Tipia, Mansein, Mansein Blanc, Manseing, Mansenc Blanc, Mansenc Grisroux, Manseng Blanc, Manseng Petit Blanc, Mansengou, Mansic, Mansin, Mausec, Mausenc Blanc, Miot, Petit Mansenc, and Petit Manseng Blanc",France
Petit Meslier,"Arbonne, Barnay, Bernais, Bernet, Co De France, Crene, Feuille D'Ozerolle, Hennequin, Lepine, Maille, Maye, Melie, Melie Blanc, Melier, Meslier De Champagne, Meslier Dore, Meslier Petit A Queue Rouge, Meslier Vert, Mornain Blanc, Orbois, Petit Meslier, Petit Meslier A Queue Rouge, Petit Meslier Dore, Queue Rouge, Saint Lye",France
Petite Arvine,NA,Switzerland
Picardin / Picardan / Aragnan blanc,"Aragnan, Aragnan blanc, Araignan, Araignan blanc, Gallet, Gallet blanc, Grosse Clairette, Milhaud blanc, Oeillade blanche, Papadoux, Picardan, Picardan blanc, Piquardan, Piquardant",France
Picolit / Piccolit / Piccolito,"Balafan, Balafant, Blaustengler, Blaustingl Weiss, Kek Nyeliü, Keknyelü, Kel'ner, Peccoleto Bianco, Piccolet, Piccoletta, Piccolit, Piccoliti Bianco, Piccolito, Piccolito Bianco, Piccolito del Friuli, Piccolitt, Piccolitto, Piccolitto Friulano, Picoleto Bianco, Piculit, Pikolit, Pikolit Weiss, Piros Keknyelü, Ranful Weiss, Szabo Istvan, Szod Bajor, Uva del Friuli, Weisser Blaustingl, Weisser Ranful, and Wisellertraube Weiss,",Italy
Picpoul / Piquepoul blanc / Piquepoul gris,"Avello, Avillo, Extra, Feher Piquepoul, Languedocien, Picapoll, Picapolla, Picapulla, Picpoul, Picpoul de Pinet. Avillo, Languedocien, Picapulla, Picpoul, Pikepul Seryi, Piquepoul rose, Szürke Piquepoul.",France
Pigato,NA,Italy
Pignerol,NA,NA
Pignoletto,NA,NA
Pinella,Pinela,Slovenia
Pinot blanc / Pinot bianco / Klevner / Weissburgunder,NA,Unknown
Pinot gris / Pinot grigio / Grauburgunder / Malvoisie / Pinot jaune / Szürkebarát,NA,France
Planta Fina,NA,NA
Planta Nova,NA,NA
Plavai / Plavay,NA,Moldova
Pošip,NA,Croatia
Prié blanc / Blanc de Morgex,"Agostenga, Agostana, Agostenga bianca. Agostenga blanc, Agostina, Agostinga, Aostenga, Augustina, Augusttraube, Bernarde (in the Valais region), Bernarde nel Vallese, Bernardine, Bianca Capella, Bianca Capello, Blanc Commun, Blanc de La Salle, Blanc de Morgex, Blanc du Valdigne, Blanc Gros, Blanc Petit, Cibebo bianco, Daniela, Danijela, Early Green Madeira, Frueher Leipziger, Giruelo, Gros blanc, Hedvabne Zlute, Hodvabne Zelene, Hodvabne Zlte, Kienzheimer, Kilianer, Legiruela (in the province of Ávila in Castilla y León), Leipziger Frueh, Lugliatica verde, Luglienca bianca, Lyany Mello, Maddalena Salomon, Madeleine Alice, Madeleine Alice Salomon, Malvasia Belaia, Malvasier Frueh weiss, Malvaziya Belaya, Perltraube, Petit blanc, Plant de la Salle, Precoce de Kientzheim, Prie, Prie bianco, Rabolina weiss, Raisin d'Aout, Rosinentraube, Seidentraube Gruen, Uva Agostina, Uva d'Agosto, Uva Luce, Vert Precoce de Madere, Weisswaelscher and Zibebe weiss.",Italy
Prosecco / Glera,"Ghera, Glere, Grappolo Spargolo, Prosecco Tondo, Prosecco, Prosecco Balbi, Prosecco Bianco, Prosecco Nostrano, Prosecco Tondo, Proseko Sciprina, Serpina, and Uva Pissona",Italy
Prunesta,"Bermestia Nera, Bermestia Rossa, Bermestia Violacea, Bermestia Violata, Pergola Rossa, Pergolese Di Tivoli, Pergonesi Di Tivoli, Prunesta Di Ruovo, Prunesta Di Ruvo, Prunesta Nera, Prunesta Rossa, Prunesta Violacea, Prunestra Rosso Violacea, Uva D'inverno, Uva Del Soldato, Uva Roja, Uva Rossa Di Cagliari",Italy
Rabigato,NA,NA
Rabo de Ovelha,NA,Portugal
Raisin blanc,NA,NA
Rauschling / Rāuschling,"Brauner Nürnberger, Brauner Würnberger, Buchelin, Deutsche Trauben, Divicina, Divizhna, Divizhna Vizhna, Dretsch, Drötsch, Drutsch, Dünnelbling, Erjava Tizhna, Frankentraube, Furmentin, Gros Fendant, Großfränkisch, Großer Räuschling, Großer Röuschling, Großer Traminer, Grünspat, Guay Jaune, Heinzler, Klaffer, Klöpfer, Luttenberger, Luttenbergerstock, Luttenbershna, Lyonnaise, Offenburger, Padebecker, Pfäffling, Pfaffentraube, Reuschling, Röschling, Rössling, Ruchelin, Ruschling, Rüschlig, Rüschling, Rüssling, Silberräuschling, Silberweiß, Szrebrobella, Thuner, Thunerrebe, Vigne de Zuri, Weißer Dünnelbling, Weißer Kläpfer, Weißer Lagrein, Weißer Räuschling, Weißwelsch, Weißwelscher, Welsche, Zürirebe, Zürichrebe, Züriweiss and Züriwiss.",Germany
Regner,NA,Germany
Reichensteiner,NA,Germany
Retagliado bianco,"Arba Luxi, Arretallace, Arretallau, Arrosto Portedium, Arrotelas, Bianca Lucente, Bianca Lucida, Co 'e Erbei, Coa de Brebei, Coa de Brebèi, Erba Luxi, Erbaluxi, Mara Bianca, Rechiliau, Redagladu, Redaglàdu, Retagliada, Retagliadu, Retagladu Francese, Retazzadu, Retelau, Retellau, Retigliau, Ritelau, Rittadatu and Rotogliadu.",Italy.
Rèze,"Petit Prié Tardif, Reize verte, Réze verte, Rèzi and Resi.",Switzerland
Ribolla Gialla / Robola,"Avola, Erbula, Gargania, Garganja, Glera, Goricka Ribola, Jarbola, Jerbula, Pignolo, Rabiola, Rabola, Rabolla, Rabolla Dzhalla di Rozatsio, Rabuele, Raibola, Rebolla, Reboula jaune, Rébula, Rebula Bela, Rebula rumena, Rebula zuta, Refosco bianco, Ribola, Ribola Bijela, Ribola Djiala, Ribolla, Ribolla Bianca, Ribolla Dzhalla, Ribolla Gialla di Rosazz, Ribolla Gialla di Rosazzo, Ribollat, Ribuela, Ribuele, Ribuele Zale, Ribula Zuta, Ribuole, Robolla, Rosazzo, Rumena Rebula, Teran Bijeli and Zelena Rebula.",Greece
Riesling / Johannisberg Riesling / Rheinriesling / Klingelberger,"Beregi Riesling, Beyaz Riesling, Biela Grasevina, Dinca Grasiva Biela, Edelriesling, Edle Gewuerztraube, Feher Rajnai, Gentil Aromatique, Gentile Aromatique, Gewuerzriesling, Gewuerztraube, Graefenberger, Graschevina, Grasevina Rajnska, Grauer Riesling, Grobriesling, Hochheimer, Johannisberg, Johannisberger, Karbacher Riesling, Kastellberger, Kis Rizling, Kleigelberger, Kleiner Riesling, Kleinriesler, Kleinriesling, Klingelberger, Krauses, Krausses Roessling, Lipka, Moselriesling, Niederlaender, Oberkircher, Oberlaender, Petit Rhin, Petit Riesling, Petracine, Pfaelzer, Pfefferl, Piros Rajnai Rizling, Pussilla, Raisin Du Rhin, Rajinski Rizling, Rajnai Rizling, Rajnski Ruzling, Rano, Reichsriesling, Reissler, Remo, Rendu, Reno, Renski Rizling, Rezlik, Rezlin, Rezlink, Rhein Riesling, Rheingauer, Rheinriesling, Rhiesling, Riesler, Riesling bianco, Riesling blanc, Riesling De Rhin, Riesling Echter Weisser, Riesling Edler, Riesling Gelb Mosel E43, Riesling Giallo, Riesling Grosso, Riesling Gruener Mosel, Riesling Mosel, Riesling Reinskii, Riesling Rhenan, Riesling Rhine, Rieslinger, Rislinenok, Rislinok, Rizling Linner, Rizling Rajinski, Rizling Rajnai, Rizling Rajnski, Rizling Reinskii, Rizling Rynsky, Roessling, Rohac, Rossling, Rosslinger, Ruessel, Ruessling, Russel, Ryn-Riesling, Ryzlink Rynsky, Starosvetske, Starovetski, Szürke Rizling, Uva Pussila, Weisser Riesling",Germany
Rieslaner,NA,Germany
Rkatsiteli,NA,Georgia
Robola,"Asporombola, Asprorobola, Asprorompola, Robbola, Robola Aspri, Robola Kerini, Rombola, Rombola Aspri and Rompola.",Greece
Roditis / Rhoditis,NA,Greece
Rollo,NA,NA
Romorantin,"Blanc De Villefranche, Celle Bruere, Dameri, Daneri, Danesy, Dannery, Framboise, Gros Blanc De Villefranche, Gros Plant De Villefranche, Lyonnaise Blanche, Maclon, Petit Dannezy, Petit Maconnais, Plant De Breze, Raisin De Grave, Ramorantin, Romoranten, Romorantin Blanc, Saint Amand, Verneuil.",France
Rossese bianco,None,Italy
Roter Veltliner,"Ariavina, Ariavina Männliche, Bakor, Belo Ocka, Belo Oka, Buzyn, Cerveny Muskatel, Crvena Valtelina, Crvena Valtelinka, Csucsos Bakor, Debela Ariavina, Dreimänner, Erdezha, Erdezha Shopatna, Erdezka Rabolina, Fedleiner, Feldleiner, Feldleiner Rothlichter, Feldliner, Feldlinger, Feltliner, Fleisch Roter Velteliner, Fleisch Roter Wälteliner, Fleisch Traminer, Fleischroter Traminer, Fleischrother Velteliner, Fleischrother Veltliner, Fleischtraminer, Fleischtraube, Fleischtraube Rot, Fleischweiner, Grosbrauner Velteliner, Grossbrauner, Grosse Fleischtraube, Grosser Fleischtraube, Grosser Roter Veltliner, Grosser Rother Välteliner, Grosser Rother Veltliner, Grosser Traminer, Grosser Välteliner, Grosser Velteliner, Grosswiener, Herera Rhaetica, Herera Valtellina, Kecskecsecs, Krdeca, Männliche Ariavina, Mannliche, Maucnjk, Mavcnik, Mavenick, Mavenik, Moseavina, Moslavina, Muscateller, Muskatel Cerveny, Nagy Veltelini, Nagysagos, Nyulsölö, Nyulszölö, Piros Veltelini, Pirosveltelin, Pirosveltelini, Rabolina, Raifler, Raisin de Saint Valentin, Ranfler, Ranfolica, Ranfolina, Ranfoliza, Raufler, Raufolica, Rebalina, Rebolina, Red Veltliner, Reifler, Rhaetica, Riegersburger Rothköpfel, Riegersburger Rothtöpfel, Rivola Tchervena, Rossera, Rossola, Rote Fleisch Traube, Rote Fleischtraube, Rote Fleischtrauble, Roter, Roter Muskateller, Roter Riesling, Roter Välteliner, Roter Velteliner, Roter Veltiner, Roter Veltliner, Rotgipfler, Rothe Shopatna, Rothe Shopotna, Rothe Velteliner, Rother Fleischtraube, Rother Muscateller, Rother Raifler, Rother Riesling, Rother Välteliner, Rother Velteliner, Rother Veltliner, Rother Zierfahnler, Rothgipfler, Rothlichter, Rothreifler, Rotmehlweisser, Rotmuskateller, Rotreifler, Rudeca, Ryvola Cervena, Ryvola Crvena, Saint Valentin Rose, Saint Valentinrose, Shopatna, Shopotna, Somsölö, Spaete Ranfoliza, St. Valentin, Tarant Cerveny, Tarant Rot, Todtraeger Rotreifler, Traminer, Uva di San Valentino, Valentin, Valentin Rouge, Välteliner, Välteliner Roter, Valtelin Rouge, Valteliner, Vältliner, Valteliner Rosso, Valteliner Rouge, Valteliner Tardif, Veltelin Piros, Veltelin Rosso, Velteline Rouge, Velteliner, Velteliner Rose, Velteliner Roso, Velteliner Roter, Velteliner Rother, Velteliner Rouge, Veltelini Piros, Veltlinac Crveni, Veltliner, Veltliner Rosso, Veltliner Rot Weiss, Veltliner Roth, Veltliner Rother, Veltliner Rouge, Veltlini Piros, Veltlinske Cervene, Veltlinski Rozovii, Veltlinskii Rozovii, Veltlinsky Rosovy, Vernyeges Veltelini, Verrnyeges Veltelini, Weisser Raifler, Weissholzige Ribula Maucnjk, and Ziegelroth.",Austria
Rotgipfler,NA,Austria
Roupeiro / Codega,NA,Portugal
Roussanne,"Barbin, Bergeron (in particular in the Savoy region), Courtoisie, Fromental, Fromental jaune, Fromenteal, Fromenteau, Greffon, Greffou, Martin Cot, Petite Rousette, Picotin blanc, Plant de Seyssel, Rabellot, Rabelot, Ramoulette, Rebellot, Rebolot, Remoulette, Roussane, Roussane blanc, Roussanne blanc, Roussette, Rusan Belyi, Rusan Blan.",France
Rovello bianco,"Roviello, Rovello, Greco Muscio and Grecomusc.",NA
Sabro,NA,NA
Sacy / Tresallier,"Aligoté vert, Blanc de Pays, Blanc Moulin, Blanc vert, Fairené, Farié, Farinier blanc, Ferné, Fernet, Ferney, Gros blanc, Menu blanc, Peut blanc, Pivoine, Plant d'Essert, Plant de Sacy, Sassy, Souche, Terzari, Tres Sailier, Tresalier, Tresallier, Tressaillier, Tressalier, Tressallier, Trezaguier, Trezailhi, Trezali, Trezari, and Weissklemmer.",France(?)
Ste Marie,NA,NA
Saint-Pierre Doré,"Cerceau, Epinette, Epinette blanc, Epinette blanche, Firminhac, Lucane, Per Dore, Roussellou, Saint-Clair, Saint Come, Saint Pierre, San Per Dore and Saint-Pierre de l'Allier",France
Sarfeher / Sárfehér,NA,Hungary
Sauvignon blanc / Sauvignon gris,"Beyaz Sauvignon, Blanc Doux, Blanc Fume, Bordeaux bianco, Douce blanche, Feher Sauvignon, Feigentraube, Fie, Fie dans le Neuvillois, Fume, Fume Blanc, Fume Surin, Genetin, Gennetin, Gentin a Romorantin, Gros Sauvignon, Libournais, Melkii Sotern, Muskat Silvaner, Muskat Sylvaner, Muskatani Silvanec, Muskatni Silvanec, Muskatsilvaner, Painechon, Pellegrina, Petit Sauvignon, Picabon, Piccabon, Pinot Mestny Bely, Pissotta, Puinechou, Punechon, Punechou, Quinechon, Rouchelin, Sampelgrina, Sarvonien, Sauternes, Sauvignon, Sauvignon bianco, Sauvignon Bijeli, Sauvignon blanco, Sauvignon Fume, Sauvignon Gros, Sauvignon jaune, Sauvignon jeune, Sauvignon Petit, Sauvignon vert, Sauvignon White, Savagnin, Savagnin blanc, Savagnin Musque, Savagnou, Savignon, Servanien, Servonien, Servoyen, Souternes, Sovinak, Sovinjon, Sovinjon Beli, Sovinon, Spergolina, Surin, Sylvaner Musque, Uva Pelegrina, Weisser Sauvignon, and Zöld Ortlibi.",France
Sauvignon vert / Sauvignonasse / Friulano / Tocai Friulano,"Sauvignonasse, Friulano, Tokaj, Jakot",Italy
Savagnin / Savagnin blanc / Traminer,"Auvernat blanc, Bon blanc, Forment, Formentin blanc, Fraentsch, Fromenteau, Gentil blanc, Gruenedel, Princ Bily, Printsch Grau, Ryvola Bila, Schleitheimer, Servoyen blanc, Traminer D'Ore, Traminer Weiss.",France
Savatiano,NA,Greece
Scheurebe,"Alzey S. 88, Dr. Wagnerrebe, S 88, Sämling, Sämling 88, Scheu, Scheu 88 and Scheu Riesling",Germany
Schönburger,NA,Germany
Sémillon,NA,France
Septiner,NA,NA
Sercial / Cerceal / Esgana Cão / Esgana,NA,Portugal
Sereksia / Băbească albă,"Aldarusa, Asil Kara, Asîl Kara (in the Republic of Dagestan), Băbească, Babeasca, Babiasca niagra, Babiaska niagra, Bobiaska niagra, Bobyaksa nigra, Bobyaska nyagra, Căldărușă, Caldarusa, Chernyi Redkii (in Ukraine), Chernyl Redkyl, Ciornai Redchii, Crăcană, Cracana, Crăcǎnatǎ, Cracanata, Crecanate, Goldaroucha, Grossmuttertraube, Hexentraube, Kaouchanskii, Koldaroucha, Koldarusha, Koldursha, Koptchak, Koptchakk, Krekanat, Krekanate, Racanata, Rară Neagră, Răşchirată, Raschirata, Rastopirka, Rastopyrka, Rastrepa, Rastreppa, Rastriopa (in Moldova), Redkyi Chernyi, Rekhavo Grazdi, Rekhavo Grozdi, Rekhavo Grozdy, Richkirate, Richkiriata, Riedkym, Rimtsurate, Rimtzourate, Rindsourata, Rishki Rate, Rossmuffertraube, Rostopiska, Rostopoveska, Rychkirate, Rymourate, Rympurate, Ryshkirate, Saesser, Sassep, Sasser, Serecsia, Serecsia Ciornaia (in Moldova), Serectia, Sereksia (in Ukraine), Sereksia Chornaya, Sereksiya (in the United States), Sereksiya Chernaya, Sereksiya Tschiornaya, Serexia, Serexia noir, Serexia Tcheurnaia, Sesser, Stropaty, Stropatyi, Tchernyi Redkii, Tcheurny Redky, Timofeevka, Tsotler, and Tsotlyar.",Moldavia / Romania
Sideritis,NA,NA
Siegerrebe,"Alzey 7957, AZ 7957, Scheu 7957 and Sieger.",Germany
Silvaner / Sylvaner / Österreicher,"Arvine, Arvine Grande, Augustiner Weiss, Beregi Szilvani, Boetzinger, Clozier, Cynifadl Zeleny, Cynifal, Fliegentraube, Frankenriesling, Frankentraube, Fueszeres Szilvani, Gamay blanc, GentilvVert, Gros Rhin, Gros-rhin, Gruen Silvaner, Gruenedel, Gruenfraenkisch, Grün Silvaner, Haeusler Schwarz, Johannisberger, Mishka, Momavaka, Monterey Riesling, Moravka, Movavka, Muschka, Mushza, Musza, Nemetskii Rizling, Oesterreicher, Oestreicher, Pepltraube, Picardon blanc, Picardou blanc, Plant Du Rhin, Rhin, Rundblatt, Salfin, Salfine Bely, Salvaner, Salviner, Scharvaner, Scherwaner, Schoenfeilner, Schwaebler, Schwuebler, Sedmogradka, Sedmogradska Zelena, Selenzhiz, Selivan, Silvanske Zelene, Sonoma Riesling, Sylvan Zeleny, Sylvaner, Sylvaner verde, Szilvani Feher, Tschafahnler, Yesil Silvaner, Zelencic, Zeleny, Zierfandler, Zierifandel, Zinifal, Zoeld Szilvani, Zoeldsilvaniб Syilvaner, Siylvaner, Sylvaner vert, Grüner Sylvaner, Grünfraenkisch, Franken Riesling and Grüner Silvaner.",Central Europe
Mátrai Muskotály,NA,Hungary
Smederevka,NA,Serbia
Souvignier gris,FR 392-83 and Freiburg 392-83,Germany
Spagnol,NA,NA
Sultana,NA,Ottoman Empire
Symphony,NA,USA
Tamarêz / Tamares / Crato branco,NA,NA
Tamîioasa / Tămâioasă Românească / Tamianka,NA,NA
Taminga,NA,Australia
Tempranillo blanco,"Albana, Cencibel de la Mancha, Forenses, Temprana, Tempranilla, Tempranillo de la Rioja, Tinto de la Rioja and Tinto Fino.",Spain
Téoulier,"Brun, Grand Téoulier, Gros Teoulier, Manosquen, Manosquin, Petit Téoulier, Petit Thuilier, Petit Thulier, Plant de Manosque, Plant de Porto, Plant Dufour, Taurier, Teinturier Téoulier, Thuillier, Teoulie, Teoulier, Thuilier, Thuillier Noir and Trouillère.",France
Terrantez,"Morrao, Murrao, Pe de Perdiz, Pe de Perdrix, Pied de Perdix and Terrantes.",Portugal
Terret gris,"Bourret, Tarret, Terrain, Terret bourret and Terret rose.",France
Thrapsathiri,NA,Greece
Timorasso,"Morasso, Timuassa, Timoraccio, Timorazza and Timorosso.",Italy
Torrontés / Torontel / Moscatel de Austria,See Wiki Page,Argentina
Tourbat / Torbato,"Canina, Caninu, Cuscosedda Bianca, Malvoisie des Pyrenees Orientales, Malvoisie du Roussillon, Malvoisie Tourbat, Razola, Torbat, Torbato, Torbato Bianco, Trubat Iberica, Trubau, Turbato, and Turbau",France
Trbljan,NA,NA
Trebbiano / Ugni blanc,"lbano, Albana secco, Biancone, Blanc Auba, Blanc De Cadillac, Blancoun, Bobiano, Bonebeou, Branquinha, Brocanico, Bubbiano, Buriano, Buzzetto, Cadillac, Cadillate, Castelli, Castelli Romani, Castillone, Chator, Clairette D'Afrique, Clairette De Vence, Clairette Ronde, Engana Rapazes, Espadeiro branco, Falanchina, Greco, Gredelin, Hermitage White, Juni Blan, Lugana, Malvasia Fina, Muscadet Aigre, Padeiro branco, Perugino, Procanico, Procanico Dell Isola D Elba, Procanico Portoferraio, Queue De Renard, Romani, Rossan De Nice, Rossetto, Rossola, Rossula, Roussan, Rusciola, Saint Emilion, Saint Emilion Des Charentes, Santoro, Shiraz White, Spoletino, Talia, Trebbianello, Trebbiano, Trebbiano Della Fiamma, Trebbiano Di Cesene, Trebbiano Di Empoli, Trebbiano Di Lucca, Trebbiano Di Tortona, Trebbiano Fiorentino, Trebbiano Toscano, Trebbianone, Tribbiano, Tribbiano Forte, Turbiano, Ugni blanc, Bouan, Beau, Thalia, Trebbiano di Soave, Trebbiano Romagnolo, Trebbiano Gallo and Trebbiano d'Abruzzo.",Italy
Treixadura / Trajadura,"Treixadura blanca, Teixadura blanca, Tragadura, Trinca dente, Trincadente, Trincadeira and Verdello Rubio.",Portugal
Trousseau gris / Grey Riesling,"Baratszölö, Chauche Gris, Francia Szürke, Goundoulenc, Gray Riesling, Grey Riesling, Gris de Salces, Gris de Salses, Guindolenc, Guindoulenc, Hamu Szölö, Hamuszölö, Nagyvati, Sals, Sals Cenusiu, Salses Gris, Shome Seryi, Sose Serii, Terret D'Afrique",France
Tsaoussi,NA,NA
Tsolikauri,NA,Georgia
Vega,"Dalmasso 2-26, I.D. 2/26 and Incrocio Dalmassso II/26.",Italy
Verdea,"Colombana, Colombana bianca (in Tuscany), Colombana del Picciolli, Colombana di Peccioli (in Tuscany), Colombano, Doree d'Italia, Doree d'Italie, Gambo rosso, Paradisa, Paradisa di Bologne, Paradssiotto, Paradizia, S. Colombano, San Colombano, San Colombano Paradiso d'Italia, Sancolombana, Vardea, Verdea di Montalto, Verdecana and Verdicchio Giallo.",Italy
Verdeca,"Albese bianco, Albina verde, Alvino verde, Biancolina, Carosella, Primarulo, San Gennaro, Tivolese, Uva marana, Verdacchio, Verde, Verdea, Verdera, Verdesca, Verdicchio bianco, Verdicchio femmina, Verdicchio Verde, Verdicchio Peloso, Verdichio Tirolese, Verdichio Tivolese, Verdicella, Verdigno, Verdisco, Verdisco bianco, Verdisio bianco, Verdolino, Verdone and Vino verde",Italy
Verdejo,NA,"North Africa, Spain"
Verdelho / Gouveio / Verdello,NA,Portugal
Verdello,Verdetto,Italy
Verdesse,"Bian ver, Bian vert, Blanchette, Clairette de Chindrieux, Clairette précoce, Dongine, Etraire Blanche, Verdasse, Verdea, Verdêche, Verdesse Muscade, Verdeze musqué and Verdeze musquée.",France
Verdicchio,"Boschera bianca, Giallo, Maceratese, Maggiore, Marchigiano, Mazzanico, Niuivres, Peloso, Peverella, Peverello, Peverenda, Peverise bianco, Pfeffer, Pfeffertraube, Terbiana, Torbiana, Trebbiano di Lugana, Trebbiano di Soave, Trebbiano verde, Trebbiano Veronese, Turbiana, Turbiana Moscato, Turbiano, Turviana, Uva Aminea, Uva Marana, Verdello duro persico, Verdicchio bianco, Verdicchio Dolce, Verdicchio Doratel, Verdicchio Doratello, Verdicchio Giallo, Verdicchio Marchigiano, Verdicchio Marino, Verdicchio Peloso, Verdicchio Scroccarello, Verdicchio Seroccarello, Verdicchio Straccione, Verdicchio Stretto, Verdicchio Verdaro, Verdicchio verde, Verdicchio Verzaro, Verdicchio Verzello, Verdone, Verzaro and Verzello verde.",Italy
Verdiso / Verdia,"Groppeta, Pedevendia, Perduti Perevenda, Peverenda, Verdia, Verdia de Campagna, Verdia Bianca di Conegliano, Verdiga, Verdiger, Verdisa, Verdisa bianca Trevignana, Verdisa Grossa, Verdisco, Verdise, Verdise Bianca, Verdisio, Verdiso Gentile, Verdiso Zentil, Verdisone, Verdiza and Verdisot.",Italy
Verdoncho,NA,NA
Verduzzo,"Ramandolo, Romandolo, Verdana Friulana, Verdicchio Friulano, Verduc, Verduz, Verduza, Verduzzo Friulano, Verduzzo giallo, Veduzz, Verduzo and Verduzzo verde",Italy
Verduzzo Trevigiano,"Ramandolo, Romandolo, Verdana Friulana, Verdicchio Friulano, Verduc, Verduz, Verduza, Verduzzo Friulano, Verduzzo giallo, Veduzz, Verduzo and Verduzzo verde",Italy
Vermentino / Rolle,"Agostenga, Agostenga blanc, Brustiano, Brustiano di Corsica, Carbes, Carbesso, Favorita, Favorita bianca, Favorita Bianca di Conegliano, Favorita d'Alba, Favorita di Alba, Favorita di Conegliano, Formentino, Fourmentin, Garbesso, Grosse Clarette, Malvasia a Bonifacio, Malvasia Grossa, Malvasie, Malvoisie, Malvoisie è Gros Grains, Malvoisie Corse, Malvoisie de Corse, Malvoisie Précoce d'Espagne, Piccabon, Piga, Pigato, Rolle, Rossese, Sibirkovski, Uva Sapaiola, Uva Vermentino, Valentin, Varlentin, Varresana bianca, Vennentino, Verlantin, Vermentini, Vermentino bianco, Vermentino Pigato, and Vermentinu.",Italy
Vernaccia,NA,Europe
Vernaccia di Oristano,"Aregu biancu, Aregu Seulu, Cagnaccia, Carnaggia, Cranaccia, Garnaccia, Granazza, Moranina, Varnaccia, Vernaccia, Vernaccia Austera, Vernaccia bianca, Vernaccia Orosei, Vernaccia S. Rosalia, Vernaccia San Rosalia, Vernaccia di S. Vero Milis, Vernaccia di San Vero Milis and Vernaccia di Solarussa.",Italy
Veroga,NA,NA
Versoaln,"Versailler, Versoaler, Weiss Versoalen and Weisser Versailler",Disputed
Vespaiola,"Bresparola, Bresparola Bianca, Orisi bianca, Uva Vespera, Vespaia, Vespaiolo, Vespajola, Vespajuola Di Bassano, Vesparola, and Vespera.",Italy
Vidiano,Avidiano and Abudiano.,Greece
Vilana,Belana and Velana.,Greece
Vinhao,NA,NA
Viognier,"Bergeron, Barbin, Rebolot, Greffou, Picotin Blanc, Vionnier, Petiti Vionnier, Viogne, Galopine, Vugava bijela","Croatia, France"
Viosinho,NA,Portugal
Vital (grape),"Boal Bonifacio, Malvazia Corada, Malvasia Fina de Douro, Malvasia Fina do Douro and Malvasia ou Malvazia",Portgugal
Vitovska,NA,Slovenia
Voskehat,NA,NA
Vugava,NA,Croatia
Weldra,NA,South Africa
Welschriesling / Riesling Italico / Olaszrizling / Lazki Rizling / Graševina,"Aminea Gemela, Biela Sladka, Bielasladka Grasica, Glasica, Grasavina Talijanska, Grasevina, Graševina, Grasica, Groshevina, Italianski Rizling, Laški Rizling, Nemes Olasz Rizling, Olaszrizling, Olasz Rizling, Petit Riesling, Petracine, Rakusky Rizling, Riesler, Riesli, Riesling, Riesling Italian, Riesling Italico, Risling Italyanskii, Risling Vlashskii, Rismi, Rizling Italico, Rizling Vlašský, Talianska Graseviana, Talijanski Rizling, Vlasak,[2] Italian Riesling, Ryzlink vlašský",Central Europe
Würzer,NA,Germany
Xarel·lo / Xarello,"Cartoixa, Cartuja, Cartuxa, Moll, Pansa, Pansa Blanca, Pansal, Pansalat, Pansalet, Pansar, Pensal, Prensa Branco, Vinate, Vinyater, Xarell-Lo, Xarello and Xarelo Blanco",Spain
Xynisteri,NA,Cyprus
Zala Gyöngye,NA,Hungary
Zalema,"Ignobilis, Rebazo, Salemo, Salerno, Zalemo, and Zalemo Rebazo.",Spain
Zefir,NA,Hungary
Zenit,NA,Hungary
Zengő,Zen,Hungary
Zéta / Orémus,NA,Hungary
Zeusz,Zeus,Hungary
Zierfandler / Spätrot,"Cilifai, Cilifan, Cirfandli, Cirifai, Cirifai Piros, Cirifan, Gumpoldskirchener, Gumpoldskirchener Spätrot, Gumpoldskirchener Spätroth, Kesoei Piros, Kirmizi Zierfahndler, Nemes Cirfandli, Piros Cirfandli, Piroscirfandli, Raifler, Reifler Rot, Roter Raifler, Roter Reifler, Roter Zierfandler, Roth Hensch, Rother Raifler, Rother Zierfahndler, Rothhinschen, Rothreifler, Rotreifler, Rubiner, Spätrot, Zerjavina and Zierfandler Rot",Austria
Žilavka,"Mostarska, Mostarska Žilavka, Zhelavka Biella, Žilava Hercegovačka, Zilavka, Žilavka Bijela, and Žilavka Mostarska.",Bosnia and Herzegovina
Žlahtina,NA,NA
